,_step,eval/loss,_runtime,eval/entropy,eval/num_tokens,train/epoch,eval/steps_per_second,eval/samples_per_second,eval/mean_token_accuracy,eval/runtime,_timestamp,train/global_step,train/entropy,train/mean_token_accuracy,train/num_tokens,train/loss,train/grad_norm,train/learning_rate
0,0,1.932461142539978,760.661673477,1.5296040177345276,0.0,0.0,3.806,19.032,0.5657768547534943,0.5254,1764176724.9513588,0,,,,,,
1,1,,761.106737505,,,0.00411522633744856,,,,,1764176725.3967714,1,1.2835854291915894,0.6451379060745239,1382.0,1.7896,3.8410415649414062,0.0
2,2,,761.379786663,,,0.00823045267489712,,,,,1764176725.6698651,2,1.5976941585540771,0.5632973313331604,2405.0,2.0511,4.7449517250061035,8.000000000000001e-07
3,3,,761.69740171,,,0.012345679012345678,,,,,1764176725.9874504,3,1.3855549097061157,0.6063311696052551,3641.0,1.8409,4.319124221801758,1.6000000000000001e-06
4,4,,761.993910128,,,0.01646090534979424,,,,,1764176726.283887,4,1.640408992767334,0.5768421292304993,4595.0,2.2208,5.256519317626953,2.4000000000000003e-06
5,5,,762.298035964,,,0.0205761316872428,,,,,1764176726.5881135,5,1.3781896829605103,0.6042084097862244,5597.0,1.9002,5.067797660827637,3.2000000000000003e-06
6,6,,762.574490125,,,0.024691358024691357,,,,,1764176726.8644485,6,1.4781023263931274,0.5716767907142639,6752.0,2.0678,4.156728744506836,4.000000000000001e-06
7,7,,762.927403523,,,0.02880658436213992,,,,,1764176727.2173982,7,1.2579898834228516,0.6573161482810974,8075.0,1.6163,3.5759644508361816,4.800000000000001e-06
8,8,,763.213938983,,,0.03292181069958848,,,,,1764176727.5039816,8,1.5930925607681274,0.573182225227356,9138.0,2.0582,4.092611312866211,5.600000000000001e-06
9,9,,763.502657474,,,0.037037037037037035,,,,,1764176727.7926755,9,1.6066685914993286,0.5914068818092346,10329.0,1.9654,3.203091859817505,6.4000000000000006e-06
10,10,,763.805779509,,,0.0411522633744856,,,,,1764176728.095799,10,1.4167265892028809,0.63168865442276,11772.0,1.6862,2.6181323528289795,7.2000000000000005e-06
11,11,,764.132156353,,,0.04526748971193416,,,,,1764176728.4221148,11,1.4891568422317505,0.6156351566314697,13004.0,1.8095,2.8367297649383545,8.000000000000001e-06
12,12,,764.501547496,,,0.04938271604938271,,,,,1764176728.7915776,12,1.7070693969726562,0.5662472248077393,14359.0,2.0067,2.3170323371887207,8.8e-06
13,13,,764.788715256,,,0.053497942386831275,,,,,1764176729.0787556,13,1.3904552459716797,0.6206896305084229,15610.0,1.6765,2.5967679023742676,9.600000000000001e-06
14,14,,765.095640514,,,0.05761316872427984,,,,,1764176729.3856876,14,1.5722874402999878,0.6184324026107788,16775.0,1.797,2.44614315032959,1.04e-05
15,15,,765.420819567,,,0.06172839506172839,,,,,1764176729.7108414,15,1.546813726425171,0.6381015181541443,18296.0,1.6825,1.7348878383636475,1.1200000000000001e-05
16,16,,765.727493715,,,0.06584362139917696,,,,,1764176730.0175846,16,1.602659821510315,0.614652693271637,19351.0,1.7875,2.267893075942993,1.2e-05
17,17,,766.071928965,,,0.06995884773662552,,,,,1764176730.3619483,17,1.5543932914733887,0.6377649307250977,20912.0,1.6421,1.6875799894332886,1.2800000000000001e-05
18,18,,766.554074585,,,0.07407407407407407,,,,,1764176730.8439748,18,1.4238824844360352,0.6569238305091858,23003.0,1.5392,1.327797532081604,1.3600000000000002e-05
19,19,,766.838735284,,,0.07818930041152264,,,,,1764176731.1287441,19,1.4921860694885254,0.643856942653656,24293.0,1.5363,1.73264479637146,1.4400000000000001e-05
20,20,,767.131922979,,,0.0823045267489712,,,,,1764176731.4219527,20,1.7371195554733276,0.6156424283981323,25192.0,1.7534,2.3494415283203125,1.5200000000000002e-05
21,21,,767.570017391,,,0.08641975308641975,,,,,1764176731.8601158,21,1.6159415245056152,0.6319199204444885,26894.0,1.7038,1.550257682800293,1.6000000000000003e-05
22,22,,767.839458766,,,0.09053497942386832,,,,,1764176732.1293342,22,1.9584845304489136,0.5795454382896423,27778.0,1.9023,2.321848154067993,1.6800000000000002e-05
23,23,,768.121218872,,,0.09465020576131687,,,,,1764176732.4111435,23,1.7760415077209473,0.6223591566085815,28918.0,1.6856,1.9186055660247803,1.76e-05
24,24,,768.457714705,,,0.09876543209876543,,,,,1764176732.7477314,24,1.67058265209198,0.6488706469535828,30383.0,1.5974,1.5315806865692139,1.8400000000000003e-05
25,25,,768.924195802,,,0.102880658436214,,,,,1764176733.2142851,25,1.627982258796692,0.6238839030265808,32179.0,1.6448,1.4631567001342773,1.9200000000000003e-05
26,26,,769.198477751,,,0.10699588477366255,,,,,1764176733.488417,26,1.8075892925262451,0.6255411505699158,33107.0,1.6463,2.1040444374084473,2e-05
27,27,,769.495560421,,,0.1111111111111111,,,,,1764176733.7855704,27,1.6971689462661743,0.6458157300949097,34294.0,1.5919,1.666451096534729,1.9998961636899736e-05
28,28,,770.035297131,,,0.11522633744855967,,,,,1764176734.3252807,28,1.7754762172698975,0.6046798229217529,36734.0,1.7666,1.252694010734558,1.9995846763238514e-05
29,29,,770.327532366,,,0.11934156378600823,,,,,1764176734.617552,29,1.7354705333709717,0.6300246119499207,37957.0,1.6764,1.5942883491516113,1.9990656025890315e-05
30,30,,770.632185342,,,0.12345679012345678,,,,,1764176734.9221833,30,1.6558014154434204,0.6156787872314453,39530.0,1.681,1.4530696868896484,1.9983390502829168e-05
31,31,,770.9281776,,,0.12757201646090535,,,,,1764176735.2181547,31,1.9832611083984375,0.5897693037986755,40531.0,1.9082,1.8759406805038452,1.997405170290528e-05
32,32,,771.220744075,,,0.13168724279835392,,,,,1764176735.5107782,32,1.5567576885223389,0.6548523306846619,41720.0,1.4734,1.528485655784607,1.9962641565531694e-05
33,33,,771.544498397,,,0.13580246913580246,,,,,1764176735.8345218,33,1.5789737701416016,0.674315333366394,43075.0,1.4466,1.4679783582687378,1.994916246028154e-05
34,34,,771.859276352,,,0.13991769547325103,,,,,1764176736.1493065,34,1.613887906074524,0.6464560031890869,44250.0,1.5301,1.6741207838058472,1.9933617186395917e-05
35,35,,772.182747284,,,0.1440329218106996,,,,,1764176736.4728203,35,1.4911280870437622,0.6710801124572754,45689.0,1.4462,1.359425663948059,1.9916008972202586e-05
36,36,,772.555354989,,,0.14814814814814814,,,,,1764176736.845273,36,1.7091153860092163,0.6113592982292175,47260.0,1.658,1.3967574834823608,1.9896341474445526e-05
37,37,,772.849539086,,,0.1522633744855967,,,,,1764176737.1396995,37,1.498603343963623,0.6905790567398071,48421.0,1.4234,1.541010856628418,1.987461877752552e-05
38,38,,773.143800462,,,0.15637860082304528,,,,,1764176737.4337997,38,1.7674815654754639,0.6122082471847534,49539.0,1.7933,1.708067536354065,1.985084539265195e-05
39,39,,773.587115659,,,0.16049382716049382,,,,,1764176737.8770528,39,1.480912446975708,0.6625698208808899,51333.0,1.5336,1.316518783569336,1.982502625690595e-05
40,40,,773.901425993,,,0.1646090534979424,,,,,1764176738.1914387,40,1.6964291334152222,0.6394112706184387,52560.0,1.5701,1.6616764068603516,1.9797166732215078e-05
41,41,,774.202195855,,,0.16872427983539096,,,,,1764176738.4922025,41,1.5760995149612427,0.642297625541687,53713.0,1.4254,1.6585291624069214,1.9767272604239823e-05
42,42,,774.498132873,,,0.1728395061728395,,,,,1764176738.788176,42,1.570913314819336,0.6536718010902405,54820.0,1.4442,1.6457644701004028,1.973535008117207e-05
43,43,,774.787104415,,,0.17695473251028807,,,,,1764176739.0771244,43,1.4806734323501587,0.6703296899795532,55734.0,1.3463,1.8323551416397095,1.9701405792445815e-05
44,44,,775.093566343,,,0.18106995884773663,,,,,1764176739.3836148,44,1.3450391292572021,0.6929429173469543,57070.0,1.2773,1.485350489616394,1.9665446787360444e-05
45,45,,775.389616711,,,0.18518518518518517,,,,,1764176739.6797078,45,1.6091493368148804,0.6189591288566589,58150.0,1.6321,1.8225747346878052,1.962748053361675e-05
46,46,,775.662067128,,,0.18930041152263374,,,,,1764176739.952141,46,1.4875290393829346,0.6962962746620178,59099.0,1.3734,2.0347912311553955,1.9587514915766124e-05
47,47,,775.99692866,,,0.1934156378600823,,,,,1764176740.2869477,47,1.4950978755950928,0.6696969866752625,60753.0,1.4416,1.3893665075302124,1.9545558233573136e-05
48,48,,776.464586148,,,0.19753086419753085,,,,,1764176740.7545996,48,1.5661174058914185,0.6466031074523926,62435.0,1.5776,1.5116407871246338,1.950161920029191e-05
49,49,,776.74183552,,,0.20164609053497942,,,,,1764176741.0318606,49,1.5342553853988647,0.6672629714012146,63557.0,1.4912,1.7575181722640991,1.9455706940856602e-05
50,50,,777.053120732,,,0.205761316872428,,,,,1764176741.3431432,50,1.461422324180603,0.6713286638259888,64705.0,1.4638,1.7161686420440674,1.940783098998643e-05
51,51,,777.400793294,,,0.20987654320987653,,,,,1764176741.6908042,51,1.2496545314788818,0.705329179763794,65985.0,1.2231,1.5346455574035645,1.9358001290205542e-05
52,52,,777.720965814,,,0.2139917695473251,,,,,1764176742.0109706,52,1.3351480960845947,0.6910246014595032,67248.0,1.246,1.5900282859802246,1.9306228189778255e-05
53,53,,778.052786153,,,0.21810699588477367,,,,,1764176742.3426878,53,1.2800852060317993,0.6986518502235413,68513.0,1.3057,2.5125114917755127,1.925252244055998e-05
54,54,,778.38167313,,,0.2222222222222222,,,,,1764176742.6716874,54,1.1970421075820923,0.7105262875556946,70151.0,1.2124,1.3631352186203003,1.9196895195764363e-05
55,55,,778.685141945,,,0.22633744855967078,,,,,1764176742.9752116,55,1.2310395240783691,0.7115646004676819,71625.0,1.3379,1.4309924840927124,1.9139358007647085e-05
56,56,,778.995717756,,,0.23045267489711935,,,,,1764176743.2857282,56,1.2055402994155884,0.7289401888847351,73101.0,1.2714,1.4085206985473633,1.907992282510675e-05
57,57,,779.29948185,,,0.2345679012345679,,,,,1764176743.5894823,57,1.2386674880981445,0.6947996616363525,74278.0,1.2846,1.65623140335083,1.901860199120344e-05
58,58,,779.602757735,,,0.23868312757201646,,,,,1764176743.8928277,58,1.23257577419281,0.7297029495239258,75292.0,1.2225,1.7311259508132935,1.8955408240595396e-05
59,59,,779.931310001,,,0.24279835390946503,,,,,1764176744.2213223,59,1.2412610054016113,0.7030848264694214,76852.0,1.3011,1.3765339851379395,1.8890354696894374e-05
60,60,,780.395248186,,,0.24691358024691357,,,,,1764176744.6852849,60,1.239159107208252,0.7174016237258911,78965.0,1.2338,1.2012882232666016,1.8823454869940243e-05
61,61,,780.665908322,,,0.25102880658436216,,,,,1764176744.955914,61,1.2540329694747925,0.7056530117988586,79995.0,1.2285,1.6665247678756714,1.8754722652995346e-05
62,62,,781.001036654,,,0.2551440329218107,,,,,1764176745.2910354,62,1.221705436706543,0.700454831123352,81538.0,1.2777,1.370600700378418,1.8684172319859258e-05
63,63,,781.310513914,,,0.25925925925925924,,,,,1764176745.6005404,63,1.4577093124389648,0.6845188140869141,82737.0,1.4508,1.6670176982879639,1.861181852190451e-05
64,64,,781.786667829,,,0.26337448559670784,,,,,1764176746.076637,64,1.1194891929626465,0.7304762005805969,84841.0,1.1257,1.2098900079727173,1.8537676285033886e-05
65,65,,782.159563145,,,0.2674897119341564,,,,,1764176746.449527,65,1.096738576889038,0.7644230723381042,86509.0,1.0335,1.1689029932022095,1.8461761006559982e-05
66,66,,782.452970771,,,0.2716049382716049,,,,,1764176746.7430072,66,1.0519155263900757,0.7552040219306946,87714.0,1.0796,1.684901237487793,1.838408845200758e-05
67,67,,782.786261801,,,0.2757201646090535,,,,,1764176747.076218,67,1.4908369779586792,0.6701360940933228,88967.0,1.3981,1.676313877105713,1.8304674751839583e-05
68,68,,783.073119061,,,0.27983539094650206,,,,,1764176747.3631473,68,1.0505667924880981,0.7779017686843872,89867.0,1.0237,1.8118795156478882,1.8223536398107177e-05
69,69,,783.376198826,,,0.2839506172839506,,,,,1764176747.6662562,69,1.1964242458343506,0.7392120361328125,90937.0,1.2031,1.5839747190475464,1.8140690241024872e-05
70,70,,783.680012081,,,0.2880658436213992,,,,,1764176747.9700365,70,1.054192304611206,0.7728437185287476,92112.0,0.9373,1.5081486701965332,1.8056153485471167e-05
71,71,,784.038545213,,,0.29218106995884774,,,,,1764176748.328633,71,1.4867690801620483,0.6428571343421936,93978.0,1.5792,1.4011662006378174,1.7969943687415575e-05
72,72,,784.581601517,,,0.2962962962962963,,,,,1764176748.871566,72,1.2719788551330566,0.694656491279602,96209.0,1.3058,1.1740174293518066,1.788207875027274e-05
73,73,,784.92915399,,,0.3004115226337449,,,,,1764176749.2191632,73,1.1228680610656738,0.7325162291526794,97600.0,1.1603,1.398391842842102,1.7792576921184374e-05
74,74,,785.498732287,,,0.3045267489711934,,,,,1764176749.7886908,74,1.0790318250656128,0.7316429018974304,99497.0,1.1334,1.2523269653320312,1.7701456787229805e-05
75,75,,785.816669254,,,0.30864197530864196,,,,,1764176750.1065826,75,1.2509406805038452,0.7223032116889954,100873.0,1.2528,1.3639031648635864,1.7608737271566004e-05
76,76,,786.112731072,,,0.31275720164609055,,,,,1764176750.4027567,76,1.0900198221206665,0.745954692363739,102113.0,1.1023,1.4590574502944946,1.751443762949772e-05
77,77,,786.413026594,,,0.3168724279835391,,,,,1764176750.7031193,77,1.1743667125701904,0.7225386500358582,103346.0,1.1852,1.5153449773788452,1.741857744447869e-05
78,78,,786.754227502,,,0.32098765432098764,,,,,1764176751.0441492,78,1.3337838649749756,0.7021791934967041,105002.0,1.3094,1.4019428491592407,1.732117662404469e-05
79,79,,787.05103753,,,0.32510288065843623,,,,,1764176751.3410325,79,1.4098682403564453,0.6876438856124878,106309.0,1.439,1.553131341934204,1.7222255395679298e-05
80,80,,787.369245468,,,0.3292181069958848,,,,,1764176751.6592424,80,1.1261605024337769,0.7317473292350769,107532.0,1.1569,1.5199288129806519,1.712183430261319e-05
81,81,,787.664058835,,,0.3333333333333333,,,,,1764176751.9540353,81,1.2159720659255981,0.7364990711212158,108610.0,1.2002,1.6008450984954834,1.7019934199557868e-05
82,82,,787.969844712,,,0.3374485596707819,,,,,1764176752.2599835,82,1.2752091884613037,0.7230215668678284,109726.0,1.2184,1.8167120218276978,1.691657624837472e-05
83,83,,788.267289921,,,0.34156378600823045,,,,,1764176752.557299,83,1.2610230445861816,0.7071678042411804,110874.0,1.3001,1.5004383325576782,1.6811781913680273e-05
84,84,,788.713614441,,,0.345679012345679,,,,,1764176753.0036526,84,1.4411541223526,0.6748911738395691,112945.0,1.4167,1.1071428060531616,1.6705572958388576e-05
85,85,,789.055470239,,,0.3497942386831276,,,,,1764176753.3455062,85,1.144328236579895,0.7418909668922424,114398.0,1.1199,1.3319121599197388,1.659797143919165e-05
86,86,,789.522941796,,,0.35390946502057613,,,,,1764176753.8128295,86,1.2398123741149902,0.7130270600318909,115991.0,1.2467,1.242911696434021,1.6488999701978905e-05
87,87,,789.80293081,,,0.35802469135802467,,,,,1764176754.0929434,87,1.183601975440979,0.7393745183944702,117242.0,1.0897,1.4391436576843262,1.6378680377196526e-05
88,88,,790.125204501,,,0.36213991769547327,,,,,1764176754.4151642,88,1.2458995580673218,0.7103791236877441,118855.0,1.2648,1.2419520616531372,1.6267036375147728e-05
89,89,,790.453201848,,,0.3662551440329218,,,,,1764176754.7431839,89,1.108583927154541,0.7388843894004822,120096.0,1.1549,1.4123859405517578,1.615409088123493e-05
90,90,,790.838178183,,,0.37037037037037035,,,,,1764176755.128254,90,1.1484944820404053,0.7288228869438171,121918.0,1.1655,1.3326966762542725,1.6039867351144778e-05
91,91,,791.152702777,,,0.37448559670781895,,,,,1764176755.4426928,91,1.0460768938064575,0.7427710890769958,123582.0,1.129,1.3052599430084229,1.5924389505977038e-05
92,92,,791.495394966,,,0.3786008230452675,,,,,1764176755.7854092,92,1.3435757160186768,0.675694465637207,125026.0,1.3284,1.5633606910705566,1.5807681327318372e-05
93,93,,791.80937584,,,0.38271604938271603,,,,,1764176756.0993996,93,1.0614142417907715,0.7354452013969421,126198.0,1.1179,1.5497324466705322,1.5689767052262028e-05
94,94,,792.112428894,,,0.3868312757201646,,,,,1764176756.402452,94,1.3685815334320068,0.7116620540618896,127291.0,1.3282,1.5676360130310059,1.557067116837444e-05
95,95,,792.415576868,,,0.39094650205761317,,,,,1764176756.7055142,95,1.1065874099731445,0.7473404407501221,128423.0,1.0204,1.4197139739990234,1.545041840860986e-05
96,96,,792.722086386,,,0.3950617283950617,,,,,1764176757.0121045,96,0.9166062474250793,0.7849089503288269,129580.0,0.8726,1.3959031105041504,1.5329033746173975e-05
97,97,,793.010351427,,,0.3991769547325103,,,,,1764176757.3003547,97,1.137804388999939,0.7468926310539246,130469.0,1.1113,1.7250428199768066,1.520654238933767e-05
98,98,,793.305437975,,,0.40329218106995884,,,,,1764176757.595472,98,1.0637965202331543,0.7686768770217896,131584.0,1.0322,1.3665869235992432,1.5082969776201948e-05
99,99,,793.637560474,,,0.4074074074074074,,,,,1764176757.9275544,99,1.07963228225708,0.7540983557701111,132991.0,1.0434,1.3774096965789795,1.4958341569415149e-05
100,100,,794.14895341,,,0.411522633744856,,,,,1764176758.4389544,100,1.4179165363311768,0.692396342754364,134731.0,1.3769,1.3168779611587524,1.483268365084351e-05
101,101,,794.414764422,,,0.4156378600823045,,,,,1764176758.7048063,101,1.1424596309661865,0.7432432174682617,135623.0,1.1545,1.7014986276626587,1.4706022116196208e-05
102,102,,794.701122722,,,0.41975308641975306,,,,,1764176758.9911263,102,1.100203275680542,0.7412429451942444,136512.0,1.2352,2.08235502243042,1.4578383269606004e-05
103,103,,795.000177782,,,0.42386831275720166,,,,,1764176759.2902699,103,1.19087815284729,0.7120165824890137,137964.0,1.2008,1.4076154232025146,1.4449793618166594e-05
104,104,,795.58127755,,,0.4279835390946502,,,,,1764176759.871281,104,1.3864258527755737,0.6792611479759216,140350.0,1.4055,1.3179192543029785,1.4320279866427798e-05
105,105,,795.850795085,,,0.43209876543209874,,,,,1764176760.1408312,105,1.1326758861541748,0.7353515625,141378.0,1.0582,1.440521240234375,1.4189868910849779e-05
106,106,,796.152664358,,,0.43621399176954734,,,,,1764176760.4426463,106,1.223917841911316,0.7289271950721741,142426.0,1.2568,1.7788288593292236,1.4058587834217356e-05
107,107,,796.454785241,,,0.4403292181069959,,,,,1764176760.7447515,107,1.084215521812439,0.7301740646362305,143464.0,1.1057,1.5933234691619873,1.392646390001569e-05
108,108,,796.926169092,,,0.4444444444444444,,,,,1764176761.2162192,108,1.2039356231689453,0.7261009812355042,145330.0,1.1635,1.1715883016586304,1.3793524546768358e-05
109,109,,797.225841913,,,0.448559670781893,,,,,1764176761.5158172,109,1.0131251811981201,0.7575757503509521,146621.0,1.0127,1.3946603536605835,1.3659797382339162e-05
110,110,,797.612524831,,,0.45267489711934156,,,,,1764176761.9025457,110,1.3950204849243164,0.6683385372161865,148220.0,1.4366,1.4604185819625854,1.3525310178198707e-05
111,111,,797.915076264,,,0.4567901234567901,,,,,1764176762.2050726,111,0.9951739311218262,0.7757812738418579,149504.0,0.948,1.248509407043457,1.3390090863657048e-05
112,112,,798.218868689,,,0.4609053497942387,,,,,1764176762.508925,112,1.024458646774292,0.7732240557670593,150606.0,0.9358,1.5506792068481445,1.325416752006351e-05
113,113,,798.652581618,,,0.46502057613168724,,,,,1764176762.942532,113,1.2465900182724,0.7148171067237854,152223.0,1.2493,1.2829221487045288,1.311756837497499e-05
114,114,,798.925577356,,,0.4691358024691358,,,,,1764176763.2156034,114,1.2143924236297607,0.7419354915618896,153219.0,1.1859,1.7625579833984375,1.2980321796293838e-05
115,115,,799.380074872,,,0.4732510288065844,,,,,1764176763.6700363,115,1.3257129192352295,0.6942927837371826,155238.0,1.3162,1.2240322828292847,1.284245628637665e-05
116,116,,799.695172937,,,0.4773662551440329,,,,,1764176763.9852118,116,1.2369118928909302,0.7051649689674377,156636.0,1.2737,1.3143819570541382,1.2704000476115079e-05
117,117,,800.055915302,,,0.48148148148148145,,,,,1764176764.345965,117,0.947117269039154,0.7877643704414368,157964.0,0.9422,1.2750126123428345,1.256498311899001e-05
118,118,,800.34076795,,,0.48559670781893005,,,,,1764176764.630863,118,1.3533605337142944,0.6975881457328796,159046.0,1.3089,1.7349083423614502,1.2425433085100224e-05
119,119,,800.640070311,,,0.4897119341563786,,,,,1764176764.9301355,119,1.09311842918396,0.7342995405197144,160292.0,1.0821,1.474139928817749,1.2285379355166893e-05
120,120,,800.942634695,,,0.49382716049382713,,,,,1764176765.2326124,120,1.112575888633728,0.7388939261436462,161399.0,1.053,1.5657457113265991,1.2144851014515055e-05
121,121,,801.267177288,,,0.49794238683127573,,,,,1764176765.5571911,121,1.1495840549468994,0.7252475023269653,163019.0,1.1863,1.1983656883239746,1.2003877247033411e-05
122,122,,801.578309629,,,0.5020576131687243,,,,,1764176765.8683183,122,1.3234578371047974,0.7046476602554321,164357.0,1.316,1.3194116353988647,1.1862487329113606e-05
123,123,,801.870876484,,,0.5061728395061729,,,,,1764176766.160885,123,0.9073813557624817,0.7891458868980408,165485.0,0.9073,1.39395272731781,1.172071062357035e-05
124,124,,802.19842075,,,0.5102880658436214,,,,,1764176766.4884365,124,1.1813446283340454,0.7275063991546631,166656.0,1.1235,1.5571292638778687,1.1578576573543541e-05
125,125,,802.488781023,,,0.51440329218107,,,,,1764176766.7787952,125,1.1602381467819214,0.7241379022598267,167646.0,1.2604,1.6179544925689697,1.1436114696383749e-05
126,126,,802.790293206,,,0.5185185185185185,,,,,1764176767.080294,126,1.123315691947937,0.7548806667327881,169033.0,0.9948,1.5707333087921143,1.1293354577522264e-05
127,127,,803.0927757,,,0.522633744855967,,,,,1764176767.3826654,127,1.1203638315200806,0.7369458079338074,170052.0,1.1433,1.653499960899353,1.1150325864327003e-05
128,128,,803.410118277,,,0.5267489711934157,,,,,1764176767.7001977,128,1.2475144863128662,0.7137870788574219,171202.0,1.2008,1.4798369407653809,1.1007058259945584e-05
129,129,,803.710442149,,,0.5308641975308642,,,,,1764176768.0004647,129,1.2251299619674683,0.6945205330848694,172666.0,1.3116,1.4840717315673828,1.0863581517136776e-05
130,130,,804.007657168,,,0.5349794238683128,,,,,1764176768.2976754,130,1.2677972316741943,0.7256719470024109,173749.0,1.2308,1.5525845289230347,1.0719925432091671e-05
131,131,,804.347787454,,,0.5390946502057613,,,,,1764176768.6378014,131,1.2001641988754272,0.7078431248664856,175283.0,1.2299,1.3371623754501343,1.0576119838245843e-05
132,132,,804.653767001,,,0.5432098765432098,,,,,1764176768.943848,132,1.1696734428405762,0.7178143858909607,176623.0,1.2304,1.6023008823394775,1.043219460008374e-05
133,133,,804.95114888,,,0.5473251028806584,,,,,1764176769.241228,133,1.1233551502227783,0.7481481432914734,177707.0,0.987,1.4099377393722534,1.0288179606936666e-05
134,134,,805.253126184,,,0.551440329218107,,,,,1764176769.5432181,134,0.9584629535675049,0.7832111120223999,178938.0,0.9196,1.4013464450836182,1.0144104766775574e-05
135,135,,805.622732616,,,0.5555555555555556,,,,,1764176769.9127355,135,1.0758278369903564,0.7527675032615662,180297.0,1.0833,1.301176905632019,1e-05
136,136,,805.912317639,,,0.5596707818930041,,,,,1764176770.202332,136,0.9867901802062988,0.7549857497215271,181354.0,1.0041,1.433577299118042,9.855895233224431e-06
137,137,,806.227731984,,,0.5637860082304527,,,,,1764176770.5177448,137,1.3534868955612183,0.6657842397689819,182869.0,1.4392,1.5193151235580444,9.711820393063337e-06
138,138,,806.529711097,,,0.5679012345679012,,,,,1764176770.8198154,138,0.9386358857154846,0.7948718070983887,183848.0,0.8391,1.5860658884048462,9.56780539991626e-06
139,139,,806.892515604,,,0.5720164609053497,,,,,1764176771.1824656,139,1.030605673789978,0.7608069181442261,185240.0,1.0262,1.3436524868011475,9.423880161754158e-06
140,140,,807.173198739,,,0.5761316872427984,,,,,1764176771.4632194,140,1.0184606313705444,0.75789475440979,186194.0,0.9674,1.5346388816833496,9.28007456790833e-06
141,141,,807.61037938,,,0.5802469135802469,,,,,1764176771.900386,141,1.4868242740631104,0.6873720288276672,187663.0,1.4619,1.3672250509262085,9.13641848286323e-06
142,142,,807.900092493,,,0.5843621399176955,,,,,1764176772.190124,142,1.0225491523742676,0.7624660134315491,188770.0,1.0272,1.6908930540084839,8.992941740054418e-06
143,143,,808.349167774,,,0.588477366255144,,,,,1764176772.6391835,143,1.2765215635299683,0.7102803587913513,190486.0,1.2877,1.211792230606079,8.849674135672999e-06
144,144,,808.633183492,,,0.5925925925925926,,,,,1764176772.9232101,144,1.1326848268508911,0.7217175960540771,191701.0,1.1574,1.310060739517212,8.706645422477739e-06
145,145,,808.95284829,,,0.5967078189300411,,,,,1764176773.2428927,145,1.0567229986190796,0.7348484992980957,193289.0,1.1191,1.37611985206604,8.563885303616253e-06
146,146,,809.424012731,,,0.6008230452674898,,,,,1764176773.7140312,146,1.3181767463684082,0.6902506947517395,195088.0,1.3105,1.5606664419174194,8.42142342645646e-06
147,147,,809.693082896,,,0.6049382716049383,,,,,1764176773.9831188,147,1.05448317527771,0.750826895236969,195999.0,1.0863,1.9337478876113892,8.279289376429653e-06
148,148,,810.016033828,,,0.6090534979423868,,,,,1764176774.3060646,148,1.0952223539352417,0.7313713431358337,197600.0,1.1413,1.2536295652389526,8.137512670886397e-06
149,149,,810.315012329,,,0.6131687242798354,,,,,1764176774.6050348,149,1.0020266771316528,0.7521781325340271,198637.0,0.9945,1.5141613483428955,7.996122752966596e-06
150,150,,810.632322605,,,0.6172839506172839,,,,,1764176774.9223006,150,1.2068157196044922,0.7569786310195923,199859.0,1.1042,1.3758244514465332,7.855148985484946e-06
151,151,,810.945285298,,,0.6213991769547325,,,,,1764176775.2352984,151,1.184861660003662,0.7370272874832153,201000.0,1.1649,1.5474309921264648,7.71462064483311e-06
152,152,,811.252153226,,,0.6255144032921811,,,,,1764176775.542059,152,1.2263003587722778,0.7083333134651184,202372.0,1.2562,1.35499107837677,7.574566914899779e-06
153,153,,811.569292472,,,0.6296296296296297,,,,,1764176775.8592598,153,1.024454116821289,0.7759815454483032,203675.0,0.9714,1.5139561891555786,7.4350168810099955e-06
154,154,,812.138652279,,,0.6337448559670782,,,,,1764176776.428659,154,1.1186580657958984,0.7309321761131287,205567.0,1.1567,1.2404162883758545,7.295999523884921e-06
155,155,,812.421886696,,,0.6378600823045267,,,,,1764176776.7118173,155,1.1209315061569214,0.7359050512313843,206919.0,1.1493,1.4234100580215454,7.157543713623353e-06
156,156,,812.766175356,,,0.6419753086419753,,,,,1764176777.0562375,156,1.0423482656478882,0.7454289793968201,208345.0,1.036,1.2393286228179932,7.019678203706164e-06
157,157,,813.055968179,,,0.6460905349794238,,,,,1764176777.3460505,157,1.0977414846420288,0.7569721341133118,209353.0,1.1449,1.7071645259857178,6.882431625025016e-06
158,158,,813.42433716,,,0.6502057613168725,,,,,1764176777.7143388,158,1.0192737579345703,0.7538126111030579,210734.0,1.081,1.4512940645217896,6.745832479936492e-06
159,159,,813.717656026,,,0.654320987654321,,,,,1764176778.0077772,159,1.1861295700073242,0.7102177739143372,211932.0,1.1708,1.6082099676132202,6.609909136342956e-06
160,160,,814.026550945,,,0.6584362139917695,,,,,1764176778.3165436,160,1.3591278791427612,0.6860387325286865,213433.0,1.4442,1.4658739566802979,6.474689821801295e-06
161,161,,814.371832766,,,0.6625514403292181,,,,,1764176778.6618447,161,1.2626835107803345,0.7131608724594116,215215.0,1.2835,1.2334709167480469,6.340202617660842e-06
162,162,,814.675408981,,,0.6666666666666666,,,,,1764176778.9654253,162,1.2578773498535156,0.6865342259407043,216578.0,1.2233,1.2860771417617798,6.206475453231644e-06
163,163,,814.975060342,,,0.6707818930041153,,,,,1764176779.2650404,163,1.0106559991836548,0.7630560994148254,217616.0,1.0457,1.6299821138381958,6.073536099984314e-06
164,164,,815.321057874,,,0.6748971193415638,,,,,1764176779.6110854,164,1.1268641948699951,0.7412353754043579,219417.0,1.0775,1.1446694135665894,5.941412165782645e-06
165,165,,815.616584722,,,0.6790123456790124,,,,,1764176779.9066002,165,1.0977836847305298,0.7463263869285583,220714.0,1.0569,1.2930660247802734,5.810131089150228e-06
166,166,,815.907834646,,,0.6831275720164609,,,,,1764176780.1977925,166,1.2413731813430786,0.75390625,221486.0,1.133,1.9150491952896118,5.6797201335722064e-06
167,167,,816.198052609,,,0.6872427983539094,,,,,1764176780.4881203,167,1.2862063646316528,0.7424390316009521,222515.0,1.0962,1.5915415287017822,5.550206381833409e-06
168,168,,816.494330287,,,0.691358024691358,,,,,1764176780.7843564,168,1.1589314937591553,0.7340425252914429,223647.0,1.1316,1.5751324892044067,5.421616730394e-06
169,169,,816.789142724,,,0.6954732510288066,,,,,1764176781.0791821,169,1.2399070262908936,0.7521459460258484,224583.0,1.1152,1.6666933298110962,5.293977883803797e-06
170,170,,817.078370307,,,0.6995884773662552,,,,,1764176781.3683834,170,1.0095880031585693,0.7686139941215515,225460.0,0.9831,1.858017921447754,5.167316349156495e-06
171,171,,817.473200941,,,0.7037037037037037,,,,,1764176781.763287,171,1.2305066585540771,0.7202042937278748,227226.0,1.2116,1.1736350059509277,5.041658430584852e-06
172,172,,817.742191925,,,0.7078189300411523,,,,,1764176782.032264,172,1.1140871047973633,0.7577268481254578,228233.0,1.0466,1.625166893005371,4.917030223798057e-06
173,173,,818.072680984,,,0.7119341563786008,,,,,1764176782.3627086,173,1.2734172344207764,0.7055702805519104,229745.0,1.3157,1.3132513761520386,4.793457610662334e-06
174,174,,818.511700927,,,0.7160493827160493,,,,,1764176782.8017247,174,1.0276812314987183,0.7547169923782349,231922.0,1.0223,0.958848237991333,4.670966253826027e-06
175,175,,818.777675489,,,0.720164609053498,,,,,1764176783.0677881,175,1.1105958223342896,0.7496991753578186,232757.0,1.1172,1.750279188156128,4.549581591390142e-06
176,176,,819.063158167,,,0.7242798353909465,,,,,1764176783.3532083,176,1.0197042226791382,0.7599580883979797,233715.0,0.9774,1.7958173751831055,4.429328831625565e-06
177,177,,819.438408075,,,0.7283950617283951,,,,,1764176783.7283661,177,0.9429738521575928,0.7623143196105957,234998.0,0.9606,1.3602995872497559,4.310232947737979e-06
178,178,,819.850808844,,,0.7325102880658436,,,,,1764176784.1408465,178,1.168328881263733,0.7079303860664368,236553.0,1.2323,1.3160736560821533,4.192318672681631e-06
179,179,,820.152377677,,,0.7366255144032922,,,,,1764176784.4424138,179,1.0304510593414307,0.7469969987869263,237889.0,1.088,1.4048854112625122,4.0756104940229645e-06
180,180,,820.473094867,,,0.7407407407407407,,,,,1764176784.7631106,180,1.0655897855758667,0.7556623220443726,239350.0,1.0351,1.3827060461044312,3.960132648855226e-06
181,181,,820.7741806,,,0.7448559670781894,,,,,1764176785.0642912,181,1.432979702949524,0.6603278517723083,240879.0,1.4762,1.4006235599517822,3.845909118765073e-06
182,182,,821.074746012,,,0.7489711934156379,,,,,1764176785.364787,182,0.9302574992179871,0.780701756477356,242137.0,0.9413,1.4367330074310303,3.732963624852275e-06
183,183,,821.367251687,,,0.7530864197530864,,,,,1764176785.6571453,183,1.1960197687149048,0.7419738173484802,242982.0,1.1462,1.9148770570755005,3.6213196228034796e-06
184,184,,821.661747194,,,0.757201646090535,,,,,1764176785.9518256,184,0.94894939661026,0.7825136780738831,243901.0,0.8508,1.5014790296554565,3.511000298021098e-06
185,185,,821.95556267,,,0.7613168724279835,,,,,1764176786.2455916,185,1.213634729385376,0.7319485545158386,244916.0,1.1713,1.6110764741897583,3.402028560808357e-06
186,186,,822.383008952,,,0.7654320987654321,,,,,1764176786.673037,186,1.2932158708572388,0.7221856713294983,246439.0,1.2594,1.2511601448059082,3.2944270416114256e-06
187,187,,822.670189033,,,0.7695473251028807,,,,,1764176786.960141,187,1.1302859783172607,0.7318070530891418,247666.0,1.132,1.6196757555007935,3.1882180863197308e-06
188,188,,823.012423462,,,0.7736625514403292,,,,,1764176787.3024855,188,0.9908855557441711,0.7516629695892334,249023.0,0.9899,1.3372511863708496,3.0834237516252817e-06
189,189,,823.303502146,,,0.7777777777777778,,,,,1764176787.5935066,189,1.1040202379226685,0.7299465537071228,250149.0,1.1398,1.506223201751709,2.980065800442137e-06
190,190,,823.602142236,,,0.7818930041152263,,,,,1764176787.8921425,190,1.1935067176818848,0.7328178882598877,251317.0,1.1095,1.395158052444458,2.878165697386812e-06
191,191,,823.925316008,,,0.7860082304526749,,,,,1764176788.21511,191,1.1507847309112549,0.7353351712226868,252753.0,1.1614,1.3704872131347656,2.777744604320706e-06
192,192,,824.211150717,,,0.7901234567901234,,,,,1764176788.5010612,192,1.1615490913391113,0.7379912734031677,253673.0,1.1313,1.6301788091659546,2.678823375955314e-06
193,193,,824.587738265,,,0.7942386831275721,,,,,1764176788.877754,193,1.1970447301864624,0.7103064060211182,255113.0,1.2739,1.482102632522583,2.581422555521316e-06
194,194,,824.878813169,,,0.7983539094650206,,,,,1764176789.168874,194,1.050804853439331,0.7421665191650391,256234.0,1.0943,1.4799256324768066,2.485562370502279e-06
195,195,,825.371614099,,,0.8024691358024691,,,,,1764176789.6616268,195,1.3087058067321777,0.6835094094276428,258415.0,1.3754,1.2518757581710815,2.391262728433995e-06
196,196,,825.742225892,,,0.8065843621399177,,,,,1764176790.0322475,196,1.1013611555099487,0.7580645084381104,260031.0,1.0745,1.3969535827636719,2.2985432127701945e-06
197,197,,826.045640847,,,0.8106995884773662,,,,,1764176790.3356712,197,1.0250375270843506,0.7414330244064331,261961.0,1.0495,1.1735724210739136,2.2074230788156325e-06
198,198,,826.354184026,,,0.8148148148148148,,,,,1764176790.6441932,198,1.193737268447876,0.7109434008598328,263290.0,1.2057,1.3786022663116455,2.1179212497272582e-06
199,199,,826.657730651,,,0.8189300411522634,,,,,1764176790.9477613,199,1.2937870025634766,0.6871117949485779,264582.0,1.3524,1.4746263027191162,2.030056312584424e-06
200,200,,826.967883591,,,0.823045267489712,,,,,1764176791.2578351,200,1.3772741556167603,0.6805555820465088,266170.0,1.3736,1.2863296270370483,1.9438465145288377e-06
201,201,,827.363804196,,,0.8271604938271605,,,,,1764176791.6537113,201,1.2365531921386719,0.7069464325904846,267556.0,1.2552,1.372158408164978,1.8593097589751318e-06
202,202,,827.663816728,,,0.831275720164609,,,,,1764176791.9538338,202,1.0928062200546265,0.7399404048919678,268902.0,1.0726,1.4554181098937988,1.7764636018928249e-06
203,203,,828.006614967,,,0.8353909465020576,,,,,1764176792.2966218,203,1.062579870223999,0.7407611608505249,270719.0,1.0688,1.1257660388946533,1.6953252481604198e-06
204,204,,828.280441006,,,0.8395061728395061,,,,,1764176792.5704749,204,1.0782477855682373,0.7523029446601868,271700.0,1.0177,1.6696404218673706,1.6159115479924259e-06
205,205,,828.578626916,,,0.8436213991769548,,,,,1764176792.8686657,205,1.2411950826644897,0.7289377450942993,272796.0,1.2328,1.5960179567337036,1.5382389934400199e-06
206,206,,828.866507987,,,0.8477366255144033,,,,,1764176793.1565225,206,1.2507883310317993,0.709956705570221,273724.0,1.264,1.639793872833252,1.462323714966114e-06
207,207,,829.193942562,,,0.8518518518518519,,,,,1764176793.4841137,207,1.3724589347839355,0.6634920835494995,274988.0,1.4191,1.4999020099639893,1.3881814780954916e-06
208,208,,829.507172395,,,0.8559670781893004,,,,,1764176793.7971816,208,1.1981879472732544,0.7244672775268555,276353.0,1.1569,1.3665329217910767,1.3158276801407432e-06
209,209,,829.846554121,,,0.8600823045267489,,,,,1764176794.1365752,209,1.2106527090072632,0.7190789580345154,277877.0,1.1742,1.3263909816741943,1.2452773470046543e-06
210,210,,830.137241675,,,0.8641975308641975,,,,,1764176794.4273024,210,1.1446120738983154,0.7309058904647827,279007.0,1.213,1.5313482284545898,1.1765451300597574e-06
211,211,,830.451357309,,,0.8683127572016461,,,,,1764176794.741372,211,1.1583720445632935,0.7418889403343201,280398.0,1.119,1.319163203239441,1.1096453031056265e-06
212,212,,830.882046205,,,0.8724279835390947,,,,,1764176795.1720188,212,1.1894032955169678,0.7066752314567566,281960.0,1.175,1.226425290107727,1.0445917594046073e-06
213,213,,831.228070836,,,0.8765432098765432,,,,,1764176795.5180907,213,1.1458556652069092,0.7186828851699829,283361.0,1.1782,1.2884809970855713,9.813980087965625e-07
214,214,,831.50822878,,,0.8806584362139918,,,,,1764176795.7981486,214,1.085921049118042,0.7503045201301575,284186.0,1.0041,1.7856602668762207,9.200771748932513e-07
215,215,,831.814875378,,,0.8847736625514403,,,,,1764176796.1048956,215,1.1478841304779053,0.7492931485176086,285251.0,1.049,1.5455883741378784,8.606419923529175e-07
216,216,,832.118583703,,,0.8888888888888888,,,,,1764176796.4086149,216,1.0926766395568848,0.746835470199585,286282.0,1.0922,1.6537784337997437,8.031048042356393e-07
217,217,,832.455851487,,,0.8930041152263375,,,,,1764176796.7458708,217,1.2344858646392822,0.7100396156311035,287800.0,1.2163,1.2455276250839233,7.474775594400252e-07
218,218,,832.888958315,,,0.897119341563786,,,,,1764176797.1790857,218,1.3000435829162598,0.6913503408432007,289411.0,1.349,1.2731482982635498,6.937718102217461e-07
219,219,,833.201606417,,,0.9012345679012346,,,,,1764176797.491639,219,1.2972885370254517,0.6995600461959839,291006.0,1.3074,1.3113138675689697,6.41998709794458e-07
220,220,,833.505691492,,,0.9053497942386831,,,,,1764176797.7957387,220,1.1780426502227783,0.7304127812385559,292197.0,1.1013,1.5017988681793213,5.921690100135713e-07
221,221,,833.798736258,,,0.9094650205761317,,,,,1764176798.0887356,221,1.093464732170105,0.7655555605888367,293101.0,1.0318,1.6155343055725098,5.442930591433992e-07
222,222,,834.285092392,,,0.9135802469135802,,,,,1764176798.5751233,222,1.3219271898269653,0.6938775777816772,294624.0,1.3539,1.3889405727386475,4.983807997080925e-07
223,223,,834.631476654,,,0.9176954732510288,,,,,1764176798.921505,223,1.346696376800537,0.6843205690383911,296063.0,1.3584,1.3824925422668457,4.544417664268652e-07
224,224,,834.925942351,,,0.9218106995884774,,,,,1764176799.2159724,224,0.9952822327613831,0.7720820307731628,297335.0,0.928,1.359955072402954,4.124850842338779e-07
225,225,,835.31496567,,,0.9259259259259259,,,,,1764176799.6050127,225,1.3046497106552124,0.7218359112739563,298777.0,1.2487,1.3588998317718506,3.725194663832521e-07
226,226,,835.632356587,,,0.9300411522633745,,,,,1764176799.9223678,226,1.1575425863265991,0.7354793548583984,300210.0,1.1688,1.3752750158309937,3.345532126395579e-07
227,227,,835.916359945,,,0.934156378600823,,,,,1764176800.206389,227,1.0112611055374146,0.7633069157600403,301097.0,0.9946,1.7247226238250732,2.985942075541848e-07
228,228,,836.224436634,,,0.9382716049382716,,,,,1764176800.5144584,228,1.3437509536743164,0.6938239336013794,302623.0,1.3913,1.3642929792404175,2.646499188279328e-07
229,229,,836.714329581,,,0.9423868312757202,,,,,1764176801.0044262,229,1.2160558700561523,0.7059974074363708,304161.0,1.2706,1.4535924196243286,2.3272739576017945e-07
230,230,,836.998013828,,,0.9465020576131687,,,,,1764176801.2880409,230,1.082828164100647,0.7508846521377563,305578.0,1.0816,1.301539421081543,2.028332677849254e-07
231,231,,837.289615193,,,0.9506172839506173,,,,,1764176801.579726,231,1.150728464126587,0.7509542107582092,306630.0,1.0958,1.7488787174224854,1.7497374309405346e-07
232,232,,837.60754236,,,0.9547325102880658,,,,,1764176801.897579,232,0.955141007900238,0.7821011543273926,307919.0,0.8854,1.2315876483917236,1.49154607348051e-07
233,233,,837.915915899,,,0.9588477366255144,,,,,1764176802.2058969,233,1.231627345085144,0.7256198525428772,309133.0,1.1335,1.3997293710708618,1.2538122247448325e-07
234,234,,838.219515874,,,0.9629629629629629,,,,,1764176802.5095117,234,1.0729960203170776,0.7615101337432861,310223.0,1.0958,1.5705968141555786,1.0365852555447642e-07
235,235,,838.526999752,,,0.9670781893004116,,,,,1764176802.8170338,235,1.2459473609924316,0.7141706943511963,311469.0,1.2221,1.4769389629364014,8.39910277974132e-08
236,236,,838.826191253,,,0.9711934156378601,,,,,1764176803.115976,236,1.250245451927185,0.6944198608398438,312602.0,1.3097,1.6545946598052979,6.638281360408339e-08
237,237,,839.134115161,,,0.9753086419753086,,,,,1764176803.424064,237,1.1377745866775513,0.740804135799408,313775.0,1.1945,1.475489616394043,5.083753971846239e-08
238,238,,839.440442158,,,0.9794238683127572,,,,,1764176803.7304587,238,1.1465908288955688,0.7540208101272583,314836.0,1.0472,1.4073997735977173,3.735843446830867e-08
239,239,,839.834220042,,,0.9835390946502057,,,,,1764176804.1241915,239,1.227156400680542,0.697869598865509,316389.0,1.2886,1.3225727081298828,2.5948297094724463e-08
240,240,,840.120466111,,,0.9876543209876543,,,,,1764176804.4104958,240,0.9831973314285278,0.7681962251663208,317657.0,0.8363,1.4000518321990967,1.6609497170834154e-08
241,241,,840.42831092,,,0.9917695473251029,,,,,1764176804.7182217,241,1.0721726417541504,0.7702325582504272,318736.0,1.0022,1.4566826820373535,9.343974109685684e-09
242,242,,840.737038449,,,0.9958847736625515,,,,,1764176805.0270169,242,1.2095757722854614,0.732528030872345,319899.0,1.1539,1.6325559616088867,4.153236761488266e-09
243,243,,841.03682063,,,1.0,,,,,1764176805.3268065,243,1.0650626420974731,0.7652081251144409,320840.0,0.9106,1.61063814163208,1.0383631002686133e-09
244,244,1.2785650491714478,845.311557928,1.289021074771881,320840.0,1.0,4.712,23.559,0.6761048436164856,0.4245,1764176809.601406,243,,,,,,
245,245,,845.316369432,,,1.0,,,,,1764176809.6066048,243,,,,,,
