,profiling/Time taken: GRPOTrainer.transformers.generate,_step,_runtime,_timestamp,train/global_step,profiling/Time taken: GRPOTrainer._get_per_token_logps_and_entropies,profiling/Time taken: GRPOTrainer.compute_loss,profiling/Time taken: GRPOTrainer.reward_format,profiling/Time taken: GRPOTrainer._prepare_inputs,profiling/Time taken: GRPOTrainer._calculate_rewards,profiling/Time taken: GRPOTrainer.reward_seen_test,profiling/Time taken: GRPOTrainer.reward_cot_monitor,profiling/Time taken: GRPOTrainer.reward_unseen_tests,train/entropy,train/clip_ratio/region_mean,train/completions/mean_terminated_length,train/clip_ratio/high_max,train/rewards/reward_unseen_tests/std,train/reward,train/num_tokens,train/rewards/reward_seen_test/std,train/rewards/reward_seen_test/mean,train/rewards/reward_cot_monitor/mean,train/rewards/reward_cot_monitor/std,train/completions/min_terminated_length,train/loss,train/rewards/reward_format/mean,train/grad_norm,train/completions/min_length,train/clip_ratio/low_min,train/learning_rate,train/clip_ratio/low_mean,train/completions/mean_length,train/epoch,train/frac_reward_zero_std,train/completions/max_terminated_length,train/completions/clipped_ratio,train/clip_ratio/high_mean,train/reward_std,train/rewards/reward_unseen_tests/mean,train/rewards/reward_format/std,train/completions/max_length,code_results
0,59.60841358266771,0,79.874954497,1764180317.029377,0,,,,,,,,,,,,,,,,,,,,,,,,,,,,,,,,,,,,,,
1,,7,85.913151002,1764180323.0683076,0,0.795754324644804,,,,,,,,,,,,,,,,,,,,,,,,,,,,,,,,,,,,,
2,,8,86.071388041,1764180323.2265985,0,,0.9546782318502665,,,,,,,,,,,,,,,,,,,,,,,,,,,,,,,,,,,,
3,,28,376.6423799,1764180613.7976778,0,,,0.0010908488184213638,,,,,,,,,,,,,,,,,,,,,,,,,,,,,,,,,,,
4,,33,430.817278605,1764180667.9726434,0,,,,113.02025219239295,,,,,,,,,,,,,,,,,,,,,,,,,,,,,,,,,,
5,,41,539.387416567,1764180776.5429428,0,,,,,48.20036393404007,,,,,,,,,,,,,,,,,,,,,,,,,,,,,,,,,
6,,47,603.867816959,1764180841.0227692,0,,,,,,4.435634717345238,,,,,,,,,,,,,,,,,,,,,,,,,,,,,,,,
7,,64,749.30371162,1764180986.4590542,0,,,0.0008936692029237747,,,,,,,,,,,,,,,,,,,,,,,,,,,,,,,,,,,
8,,74,918.288610628,1764181155.4438334,0,,,,,,62.45025050267577,,,,,,,,,,,,,,,,,,,,,,,,,,,,,,,,
9,,77,918.292007241,1764181155.4473665,0,,,,,62.45561437495053,,,,,,,,,,,,,,,,,,,,,,,,,,,,,,,,,
10,,85,1007.414893883,1764181244.57021,0,,,,,,,0.0005458611994981766,,,,,,,,,,,,,,,,,,,,,,,,,,,,,,,
11,,88,1007.818671025,1764181244.9739032,0,0.3949359841644764,,,,,,,,,,,,,,,,,,,,,,,,,,,,,,,,,,,,,
12,,102,1176.523579669,1764181413.6789737,0,,,,,,,,0.0008624494075775146,,,,,,,,,,,,,,,,,,,,,,,,,,,,,,
13,,104,1176.525614291,1764181413.6809614,0,,,,,35.112521482631564,,,,,,,,,,,,,,,,,,,,,,,,,,,,,,,,,
14,62.7411361541599,133,1493.260026338,1764181730.4147618,1,,,,,,,,,,,,,,,,,,,,,,,,,,,,,,,,,,,,,,
15,,136,1608.500775447,1764181845.6559832,1,,,,,,,,0.0010979995131492615,,,,,,,,,,,,,,,,,,,,,,,,,,,,,,
16,62.834644524380565,147,1677.379674674,1764181914.5347977,2,,,,,,,,,,,,,,,,,,,,,,,,,,,,,,,,,,,,,,
17,,149,1792.776548569,1764182029.9318662,2,,,,,,115.37555216625333,,,,,,,,,,,,,,,,,,,,,,,,,,,,,,,,
18,,150,1792.778156401,1764182029.933519,2,,,,,,,,0.0011397488415241241,,,,,,,,,,,,,,,,,,,,,,,,,,,,,,
19,,155,1793.620797366,1764182030.7762806,2,,0.8315382841974497,,,,,,,,,,,,,,,,,,,,,,,,,,,,,,,,,,,,
20,,157,1795.466260135,1764182032.6215718,2,0.3448999207466841,,,,,,,,,,,,,,,,,,,,,,,,,,,,,,,,,,,,,
21,,172,1937.621039195,1764182174.776491,3,,0.8346926551312208,,,,,,,,,,,,,,,,,,,,,,,,,,,,,,,,,,,,
22,,180,2051.591406357,1764182288.7466536,4,,,,,48.263831570744514,,,,,,,,,,,,,,,,,,,,,,,,,,,,,,,,,
23,,195,2173.795430008,1764182410.9508042,5,,,,116.41482400521636,,,,,,,,,,,,,,,,,,,,,,,,,,,,,,,,,,
24,62.59451677650213,203,2242.422944107,1764182479.5781236,6,,,,,,,,,,,,,,,,,,,,,,,,,,,,,,,,,,,,,,
25,,213,2303.467205982,1764182540.6224456,6,0.3530727382749319,,,,,,,,,,,,,,,,,,,,,,,,,,,,,,,,,,,,,
26,57.5329226218164,217,2364.362218468,1764182601.5171533,7,,,,,,,,,,,,,,,,,,,,,,,,,,,,,,,,,,,,,,
27,,228,2472.426679178,1764182709.5821726,7,,0.7454064190387726,,,,,,,,,,,,,,,,,,,,,,,,,,,,,,,,,,,,
28,,233,2589.589626253,1764182826.744527,8,,,,,,51.798431150615215,,,,,,,,,,,,,,,,,,,,,,,,,,,,,,,,
29,,242,2592.758588417,1764182829.9139934,8,,0.8083746451884508,,,,,,,,,,,,,,,,,,,,,,,,,,,,,,,,,,,,
30,,248,2767.045162418,1764183004.200709,9,,,,,,,,0.0010138321667909622,,,,,,,,,,,,,,,,,,,,,,,,,,,,,,
31,,251,2767.053710456,1764183004.209012,9,,,,171.62827841565013,,,,,,,,,,,,,,,,,,,,,,,,,,,,,,,,,,
32,62.68204111419618,259,2835.95189659,1764183073.1070275,10,,,,,,,,,,,,,,,,,,,,,,,,,,,,,,,,,,,,,,
33,,265,2900.150512176,1764183137.305678,10,,,,126.91628547944129,,,,,,,,,,,,,,,,,,,,,,,,,,,,,,,,,,
34,62.5513672195375,273,2968.561925707,1764183205.7167745,11,,,,,,,,,,,,,,,,,,,,,,,,,,,,,,,,,,,,,,
35,,274,2968.581877894,1764183205.7372415,11,,,0.0018084123730659485,,,,,,,,,,,,,,,,,,,,,,,,,,,,,,,,,,,
36,,279,3080.538963189,1764183317.6943393,11,,,,174.56331984326243,,,,,,,,,,,,,,,,,,,,,,,,,,,,,,,,,,
37,,283,3083.340654103,1764183320.495912,11,0.3663049377501011,,,,,,,,,,,,,,,,,,,,,,,,,,,,,,,,,,,,,
38,,292,3240.10152526,1764183477.256847,12,,,,,90.8748542200774,,,,,,,,,,,,,,,,,,,,,,,,,,,,,,,,,
39,,321,3600.587374712,1764183837.7427607,14,,,,190.75061811879277,,,,,,,,,,,,,,,,,,,,,,,,,,,,,,,,,,
40,,324,3603.049786649,1764183840.2050483,14,,,,5.172565579414368e-06,,,,,,,,,,,,,,,,,,,,,,,,,,,,,,,,,,
41,,327,3605.501450217,1764183842.65681,15,,,,,,,,,0.37460945546627045,0.0,527.1333618164062,0.0,0.43735596537590027,1.34375,324634.0,0.49899089336395264,0.40625,0.46875,0.8793096542358398,189.0,0.0543,0.9375,0.20892277359962463,189.0,0.0,5e-06,0.0,558.1875,0.26785714285714285,0.125,868.0,0.0625,0.0,0.50966876745224,0.296875,0.24593468010425568,1024.0,
42,,330,3669.424459623,1764183906.5797355,15,,,0.0022330917418003082,,,,,,,,,,,,,,,,,,,,,,,,,,,,,,,,,,,
43,,332,3744.721422698,1764183981.8767502,15,,,,,,,,0.001229412853717804,,,,,,,,,,,,,,,,,,,,,,,,,,,,,,
44,,337,3745.574704332,1764183982.730093,15,,0.8418286368250847,,,,,,,,,,,,,,,,,,,,,,,,,,,,,,,,,,,,
45,,340,3747.95743572,1764183985.1126268,15,,0.8208001274615526,,,,,,,,,,,,,,,,,,,,,,,,,,,,,,,,,,,,
46,,370,4126.211954747,1764184363.3671439,18,,,,,,,,,,,,,,,,,,,,,,,,,,,,,,,,,,,,,,"{'log_mode': 'IMMUTABLE', 'ncols': 13, 'nrows': 200, '_type': 'table-file', 'sha256': '07e528f8afc02c36ba88492f2d0fcde75302c8c09d78590d47b9212a50a1829b', '_latest_artifact_path': 'wandb-client-artifact://n4c37a3jb0hmivy3gmgz647y1365n9dakyfvcc25u03kt4m7shgz6urywibcikpy8ol7brmy0o8angm6tahffxno97w0awf3851kjk6clzoavsc7xoe5myr2vhnz1dau:latest/code_results.table.json', 'size': 528664, 'path': 'media/table/code_results_370_07e528f8afc02c36ba88.table.json', 'artifact_path': 'wandb-client-artifact://zo1cvdq8br0msco1cfdjbwqms1mubumdxtcl12lmzdujotj2erl3dyox4lhsnczjgsv8hh7rw1izjamhgyqdyfsn4vj8fvfhas1uaxcdansrripryey3ikoi0wllar18/code_results.table.json'}"
47,,375,4375.495933152,1764184612.6514604,18,,,,,,,0.0003397110849618912,,,,,,,,,,,,,,,,,,,,,,,,,,,,,,,
48,,396,4571.385441243,1764184808.540808,19,,0.820020753890276,,,,,,,,,,,,,,,,,,,,,,,,,,,,,,,,,,,,
49,,406,4717.163200843,1764184954.3181686,20,0.3803560696542263,,,,,,,,,,,,,,,,,,,,,,,,,,,,,,,,,,,,,
50,,421,4831.830046412,1764185068.9854155,21,,0.8476751800626516,,,,,,,,,,,,,,,,,,,,,,,,,,,,,,,,,,,,
51,,425,4835.695222962,1764185072.8504462,22,,,,,,,,,0.34641481935977936,0.0,508.15386962890625,0.0,0.2574494779109955,0.90625,472901.0,0.2961445748806,0.09375,0.28125,0.9240295886993408,312.0,0.1448,0.8125,0.16781775653362274,312.0,0.0,5e-06,0.0,604.875,0.39285714285714285,0.5,804.0,0.1875,0.0,0.3696783781051636,0.078125,0.3965577781200409,1024.0,
52,61.97465898282826,441,5053.680655902,1764185290.8356128,23,,,,,,,,,,,,,,,,,,,,,,,,,,,,,,,,,,,,,,
53,,447,5220.430420111,1764185457.5856214,23,,,,228.75897405669093,,,,,,,,,,,,,,,,,,,,,,,,,,,,,,,,,,
54,,450,5222.865194384,1764185460.0203252,23,,,,4.390254616737366e-06,,,,,,,,,,,,,,,,,,,,,,,,,,,,,,,,,,
55,,471,5692.13097439,1764185929.2858214,25,,,,,,140.21546546928585,,,,,,,,,,,,,,,,,,,,,,,,,,,,,,,,
56,,481,5696.918290705,1764185934.0734024,26,,,,,,,,,0.3863106071949005,0.0,550.7333374023438,0.0,0.3299559950828552,1.15625,557156.0,0.420013427734375,0.21875,0.53125,1.7410485744476318,320.0,0.0612,0.9375,0.14907541871070862,320.0,0.0,5e-06,0.0,580.3125,0.4642857142857143,0.5,1006.0,0.0625,0.0,0.3467404842376709,0.1875,0.24593468010425568,1024.0,
57,,490,5871.157479684,1764186108.3127718,26,0.3067811280488968,,,,,,,,,,,,,,,,,,,,,,,,,,,,,,,,,,,,,
58,62.47736296616495,497,5938.3939156,1764186175.5489209,27,,,,,,,,,,,,,,,,,,,,,,,,,,,,,,,,,,,,,,
59,,504,6040.594428237,1764186277.7496774,27,0.39987500943243504,,,,,,,,,,,,,,,,,,,,,,,,,,,,,,,,,,,,,
60,,515,6287.568026327,1764186524.723197,28,,,,,,,0.0008496996015310287,,,,,,,,,,,,,,,,,,,,,,,,,,,,,,,
61,,522,6290.820456473,1764186527.975745,28,,0.8211357742547989,,,,,,,,,,,,,,,,,,,,,,,,,,,,,,,,,,,,
62,,530,6464.133224565,1764186701.2885826,29,,,,,115.50520210713148,,,,,,,,,,,,,,,,,,,,,,,,,,,,,,,,,
63,62.125081688165665,539,6531.656677891,1764186768.8118732,30,,,,,,,,,,,,,,,,,,,,,,,,,,,,,,,,,,,,,,
64,,547,6579.27751512,1764186816.432687,30,,0.8202610556036234,,,,,,,,,,,,,,,,,,,,,,,,,,,,,,,,,,,,
65,,555,6718.260787305,1764186955.4157069,31,,,,,,71.48112410865724,,,,,,,,,,,,,,,,,,,,,,,,,,,,,,,,
66,,559,6718.272824966,1764186955.4281867,31,,,,133.9832988344133,,,,,,,,,,,,,,,,,,,,,,,,,,,,,,,,,,
67,,568,6773.20485094,1764187010.3602114,32,,,0.0014973897486925125,,,,,,,,,,,,,,,,,,,,,,,,,,,,,,,,,,,
68,,570,6885.345923956,1764187122.5011907,32,,,,,,,,0.001135312020778656,,,,,,,,,,,,,,,,,,,,,,,,,,,,,,
69,,589,7067.594035141,1764187304.7494097,33,,0.8527533020824194,,,,,,,,,,,,,,,,,,,,,,,,,,,,,,,,,,,,
70,,593,7071.543251555,1764187308.6984763,34,,,,,,,,,0.37844468653202057,0.0,551.4827270507812,0.0,0.420013427734375,1.25,720389.0,0.4825586974620819,0.34375,1.15625,2.5791893005371094,284.0,0.085,0.90625,0.20108146965503693,284.0,0.0,5e-06,0.0,595.78125,0.6071428571428571,0.25,983.0,0.09375,0.0,0.45151597261428833,0.28125,0.2961445748806,1024.0,
71,62.23489727452397,595,7134.934120617,1764187372.0892832,34,,,,,,,,,,,,,,,,,,,,,,,,,,,,,,,,,,,,,,
72,,612,7386.682518151,1764187623.8378887,35,,,,,,,,0.001165410503745079,,,,,,,,,,,,,,,,,,,,,,,,,,,,,,
73,,614,7386.684674753,1764187623.8400574,35,,,,,53.55481589399278,,,,,,,,,,,,,,,,,,,,,,,,,,,,,,,,,
74,,630,7518.868472627,1764187756.0236602,36,0.3924936205148697,,,,,,,,,,,,,,,,,,,,,,,,,,,,,,,,,,,,,
75,,636,7524.57103562,1764187761.726321,37,,,,,,,,,,,,,,,,,,,,,,,,,,,,,,,,,,,,,,"{'size': 528664, 'log_mode': 'IMMUTABLE', 'path': 'media/table/code_results_636_07e528f8afc02c36ba88.table.json', '_latest_artifact_path': 'wandb-client-artifact://0cwg1b8t2axxo9zi8mgh34ra4nxl6v20tiv0y5t4da8oswiux1fc9dz3vp6kz77lyyvzmvy7t5s7970cf3mo5v4tcdd7mnbsz4oehts3hokn1m4z4p0fyuy3k8tn5ant:latest/code_results.table.json', 'artifact_path': 'wandb-client-artifact://thkbwa3oqoyqf93p0alifovweflc44lpo92zvqnshuesmpba72di98pic0chh89xnv7ara0c9a5ijsgta3qzjny3q8cp9kb2xp3gk0c9ig4gzrd5lnka37vvv7xic8c9/code_results.table.json', 'sha256': '07e528f8afc02c36ba88492f2d0fcde75302c8c09d78590d47b9212a50a1829b', '_type': 'table-file', 'ncols': 13, 'nrows': 200}"
76,,640,7701.176143653,1764187938.331404,37,,,,,,,,0.001109229400753975,,,,,,,,,,,,,,,,,,,,,,,,,,,,,,
77,,650,7707.231810604,1764187944.3871162,38,,,,,,,,,,,,,,,,,,,,,,,,,,,,,,,,,,,,,,"{'sha256': '07e528f8afc02c36ba88492f2d0fcde75302c8c09d78590d47b9212a50a1829b', '_latest_artifact_path': 'wandb-client-artifact://uqxfp5trd2raoh8ejp7pf7lyj11kgbqoxqciqbvwbrwp1qe1gi3ynjhuiz33514pl469kq8b6zvyimbq0mtpck0hh4atd4fguqjl0cgcdpiq6vsfzava9vx5vl8slb29:latest/code_results.table.json', '_type': 'table-file', 'log_mode': 'IMMUTABLE', 'path': 'media/table/code_results_650_07e528f8afc02c36ba88.table.json', 'size': 528664, 'artifact_path': 'wandb-client-artifact://zsoijd6y7uwpdx9hd8vxnkl659y9docw5faes96z27xeb430ecrpwt1xkrsxxfcmy4ytjwnxvnzkw67bm2r3740ielh6o7zqn9wxwcn1j54pvs7x5h2koixuwcn2nvx1/code_results.table.json', 'ncols': 13, 'nrows': 200}"
78,,664,7830.964800339,1764188068.120084,39,,,,,,,,,,,,,,,,,,,,,,,,,,,,,,,,,,,,,,"{'path': 'media/table/code_results_664_07e528f8afc02c36ba88.table.json', '_type': 'table-file', 'ncols': 13, '_latest_artifact_path': 'wandb-client-artifact://1qe4xhmio7btehfdqrbmwqhx01tx812ypvgr6waoqfg0sgr8hmjzbnh60krsqovf5a4sqnferu6no26dwv1lqu9mx520wuysufi6962m1vliinrws4821t51xw7iqy11:latest/code_results.table.json', 'log_mode': 'IMMUTABLE', 'nrows': 200, 'sha256': '07e528f8afc02c36ba88492f2d0fcde75302c8c09d78590d47b9212a50a1829b', 'size': 528664, 'artifact_path': 'wandb-client-artifact://2ir73ww8bjle75j02yizva988ibh681p28eviadzlutlqph1hu075qvmv15dqd8jxksiemygib36y4y2slrl6lcu8we8ylkrei5eyt3kmnz0dgar6l382hsh0n253v26/code_results.table.json'}"
79,,684,8119.870389028,1764188357.0257413,40,,,,,58.64750953577459,,,,,,,,,,,,,,,,,,,,,,,,,,,,,,,,,
80,,689,8122.184829237,1764188359.3400686,40,0.29617245867848396,,,,,,,,,,,,,,,,,,,,,,,,,,,,,,,,,,,,,
81,,698,8270.355006133,1764188507.5104218,41,,,,,82.83721744082868,,,,,,,,,,,,,,,,,,,,,,,,,,,,,,,,,
82,,702,8272.789213476,1764188509.9443798,41,,,,3.3508986234664917e-06,,,,,,,,,,,,,,,,,,,,,,,,,,,,,,,,,,
83,,703,8273.150848441,1764188510.3061025,41,0.3609974533319473,,,,,,,,,,,,,,,,,,,,,,,,,,,,,,,,,,,,,
84,63.30262124352157,707,8339.653567667,1764188576.8084445,42,,,,,,,,,,,,,,,,,,,,,,,,,,,,,,,,,,,,,,
85,61.830042850226164,721,8461.61876213,1764188698.7739704,43,,,,,,,,,,,,,,,,,,,,,,,,,,,,,,,,,,,,,,
86,,725,8588.601633979,1764188825.7569578,43,,,,,,,0.0008081216365098953,,,,,,,,,,,,,,,,,,,,,,,,,,,,,,,
87,,729,8589.457398616,1764188826.6126642,43,,0.8453614581376314,,,,,,,,,,,,,,,,,,,,,,,,,,,,,,,,,,,,
88,,757,8904.223089306,1764189141.3784423,45,,0.7287443745881319,,,,,,,,,,,,,,,,,,,,,,,,,,,,,,,,,,,,
89,,762,8908.787791397,1764189145.943096,46,,,,,,,,,,,,,,,,,,,,,,,,,,,,,,,,,,,,,,"{'artifact_path': 'wandb-client-artifact://punmsn7lpm2rh0mz1y8imn0uo52pz4qztdlwlawaswwp26rqlkwag2dd6m8y8hseajuufoztrk3ap3juziba89h2o1hxalde9orgtm78a1kx66h2pi7480gr6nfjmymu/code_results.table.json', 'path': 'media/table/code_results_762_07e528f8afc02c36ba88.table.json', '_type': 'table-file', 'log_mode': 'IMMUTABLE', 'sha256': '07e528f8afc02c36ba88492f2d0fcde75302c8c09d78590d47b9212a50a1829b', 'size': 528664, 'ncols': 13, 'nrows': 200, '_latest_artifact_path': 'wandb-client-artifact://7o7u2m5ikcxicfbv2l743krs4o4zyhagsuqxc9wk5a9zck8s57ospjhf6jh040g1c0jjh7gsh0eshxv9l2hj74eu0164v17qoqnneif5hlpwc5894szlvqu7k4mp3we5:latest/code_results.table.json'}"
90,,767,9071.115353079,1764189308.2707102,46,,,,,,,0.0007810592651367188,,,,,,,,,,,,,,,,,,,,,,,,,,,,,,,
91,,771,9071.946871734,1764189309.1022809,46,,0.8214426767081022,,,,,,,,,,,,,,,,,,,,,,,,,,,,,,,,,,,,
92,,774,9074.233784359,1764189311.389201,46,,0.7963246051222086,,,,,,,,,,,,,,,,,,,,,,,,,,,,,,,,,,,,
93,,775,9075.733850887,1764189312.8890448,47,,,,,,,,,0.37854333221912384,0.0,514.6000366210938,0.0,0.4012957811355591,1.21875,983348.0,0.45680341124534607,0.28125,0.6875,1.59510338306427,259.0,0.0315,0.9375,0.1886642873287201,259.0,0.0,5e-06,0.0,546.4375,0.8392857142857143,0.375,902.0,0.0625,0.0,0.3617308735847473,0.265625,0.24593468010425568,1024.0,
94,,788,9152.885767609,1764189390.041242,47,,0.7586196791380644,,,,,,,,,,,,,,,,,,,,,,,,,,,,,,,,,,,,
95,,789,9154.325297415,1764189391.4806066,48,,,,,,,,,0.377623975276947,0.0,610.5,0.0,0.0883883461356163,1.0,1005880.0,0.0,0.0,0.0,0.0,287.0,0.0,1.0,0.0,287.0,0.0,5e-06,0.0,610.5,0.8571428571428571,1.0,930.0,0.0,0.0,0.0,0.015625,0.0,930.0,
96,,797,9365.721028348,1764189602.8764076,48,,,,210.24686143174767,,,,,,,,,,,,,,,,,,,,,,,,,,,,,,,,,,
97,,806,9432.612705467,1764189669.76806,49,,,0.001490570604801178,,,,,,,,,,,,,,,,,,,,,,,,,,,,,,,,,,,
98,,815,9514.858978642,1764189752.0141308,49,0.3388283159583807,,,,,,,,,,,,,,,,,,,,,,,,,,,,,,,,,,,,,
99,,830,9763.170543373,1764190000.3256123,50,,,,,,118.81863385997713,,,,,,,,,,,,,,,,,,,,,,,,,,,,,,,,
100,,863,10182.372896771,1764190419.5282626,50,,0.8411511834710836,,,,,,,,,,,,,,,,,,,,,,,,,,,,,,,,,,,,
101,,872,10280.810902016001,1764190517.9663746,50,,0.822139447554946,,,,,,,,,,,,,,,,,,,,,,,,,,,,,,,,,,,,
102,,876,10392.373530321,1764190629.5288424,50,,,,,,,,0.001103302463889122,,,,,,,,,,,,,,,,,,,,,,,,,,,,,,
103,,880,10392.768980425,1764190629.92414,50,0.3850167952477932,,,,,,,,,,,,,,,,,,,,,,,,,,,,,,,,,,,,,
104,,894,10652.274528904,1764190889.4296894,50,,,,,,,,0.0011915229260921478,,,,,,,,,,,,,,,,,,,,,,,,,,,,,,
105,,916,10837.729322085,1764191074.8845174,50,0.3261753525584936,,,,,,,,,,,,,,,,,,,,,,,,,,,,,,,,,,,,,
106,,922,10924.308572679,1764191161.46395,50,,,,,,,0.0005347505211830139,,,,,,,,,,,,,,,,,,,,,,,,,,,,,,,
107,,930,11044.395832165,1764191281.5511363,50,,,,,,,,0.0005585998296737671,,,,,,,,,,,,,,,,,,,,,,,,,,,,,,
108,,932,11044.397278266,1764191281.5526187,50,,,,,60.547593742609024,,,,,,,,,,,,,,,,,,,,,,,,,,,,,,,,,
109,62.79318057000637,938,11112.841988055,1764191349.9971285,50,,,,,,,,,,,,,,,,,,,,,,,,,,,,,,,,,,,,,,
110,,941,11238.425473184,1764191475.58083,50,,,,,,,,0.0013987217098474503,,,,,,,,,,,,,,,,,,,,,,,,,,,,,,
111,,942,11238.426883425,1764191475.5822484,50,,,,,,,0.0008063111454248428,,,,,,,,,,,,,,,,,,,,,,,,,,,,,,,
112,,948,11241.269566084,1764191478.4248106,50,0.3709814939647913,,,,,,,,,,,,,,,,,,,,,,,,,,,,,,,,,,,,,
113,,974,11519.010826566,1764191756.1659439,52,,0.8117200769484043,,,,,,,,,,,,,,,,,,,,,,,,,,,,,,,,,,,,
114,62.68449053540826,980,11586.652486485,1764191823.807548,53,,,,,,,,,,,,,,,,,,,,,,,,,,,,,,,,,,,,,,
115,,985,11629.711005455,1764191866.866288,53,,,,,43.04129322618246,,,,,,,,,,,,,,,,,,,,,,,,,,,,,,,,,
116,,986,11629.720030083,1764191866.8755124,53,,,,105.78413941152394,,,,,,,,,,,,,,,,,,,,,,,,,,,,,,,,,,
117,62.41359693929553,994,11698.108489503,1764191935.2635572,54,,,,,,,,,,,,,,,,,,,,,,,,,,,,,,,,,,,,,,
118,,995,11698.128878581,1764191935.284061,54,,,0.002097301185131073,,,,,,,,,,,,,,,,,,,,,,,,,,,,,,,,,,,
119,,997,11823.742567236,1764192060.8978996,54,,,,,,,,0.0013897418975830078,,,,,,,,,,,,,,,,,,,,,,,,,,,,,,
120,,1000,11823.753152675,1764192060.9085171,54,,,,188.07973610796034,,,,,,,,,,,,,,,,,,,,,,,,,,,,,,,,,,
121,,1015,11990.882328865,1764192228.037557,55,0.381734112277627,,,,,,,,,,,,,,,,,,,,,,,,,,,,,,,,,,,,,
122,,1020,11995.301999069,1764192232.457049,56,,,,,,,,,0.35285684466362,0.0,553.433349609375,0.0,0.380669504404068,1.25,1161447.0,0.4709290862083435,0.3125,1.03125,2.693892478942871,300.0,0.0874,0.9375,0.20259717106819153,300.0,0.0,5e-06,0.0,582.84375,1.0,0.125,942.0,0.0625,0.0,0.4963996410369873,0.234375,0.24593468010425568,1024.0,
123,,1031,12198.593783145,1764192435.7491457,56,,,,2.987682819366455e-06,,,,,,,,,,,,,,,,,,,,,,,,,,,,,,,,,,
124,,1035,12202.228083375,1764192439.3833854,57,,,,,,,,,,,,,,,,,,,,,,,,,,,,,,,,,,,,,,"{'path': 'media/table/code_results_1035_fbe165e84bd7df38e2cc.table.json', '_latest_artifact_path': 'wandb-client-artifact://fymxf3kei8hmxg8t52m9e4usqcnjyv47jldc47ldun3z0ccoddln1hrwnbfky42a55nblv45dqhuuhu4q4pwgi9mbcpmgxfa5c34k31ib97j4n5qxo6r9ejfxlwysvv4:latest/code_results.table.json', '_type': 'table-file', 'artifact_path': 'wandb-client-artifact://hafu2kpwgmgpq8mfwdq22jj6dj2392mzwscc13hml1604jdl5odud9beo3u9cgzw8zvgqi8ez2qh9xo9r5f28gnw63w30pxu98hap6458q426s6k2utnnt6i6jjn7e00/code_results.table.json', 'sha256': 'fbe165e84bd7df38e2cc019b745f3e5a263a59775e3c47dea226411a853b3d8a', 'log_mode': 'IMMUTABLE', 'size': 1052497, 'nrows': 400, 'ncols': 13}"
125,,1040,12316.245573507,1764192553.4009285,57,,,,,,,0.0007808096706867218,,,,,,,,,,,,,,,,,,,,,,,,,,,,,,,
126,62.48051534593105,1050,12384.879727031,1764192622.0346375,58,,,,,,,,,,,,,,,,,,,,,,,,,,,,,,,,,,,,,,
127,,1053,12507.20628111,1764192744.3615477,58,,,,,,,,0.0012439414858818054,,,,,,,,,,,,,,,,,,,,,,,,,,,,,,
128,,1058,12508.038739416,1764192745.1941266,58,,0.8215720281004906,,,,,,,,,,,,,,,,,,,,,,,,,,,,,,,,,,,,
129,,1082,12957.67071965,1764193194.826103,60,,,,,,,0.0007650498300790787,,,,,,,,,,,,,,,,,,,,,,,,,,,,,,,
130,,1083,12957.671645601,1764193194.8271012,60,,,,,171.59636267460883,,,,,,,,,,,,,,,,,,,,,,,,,,,,,,,,,
131,,1091,12962.40696773,1764193199.5622787,61,,,,,,,,,,,,,,,,,,,,,,,,,,,,,,,,,,,,,,"{'path': 'media/table/code_results_1091_fbe165e84bd7df38e2cc.table.json', 'sha256': 'fbe165e84bd7df38e2cc019b745f3e5a263a59775e3c47dea226411a853b3d8a', '_type': 'table-file', 'log_mode': 'IMMUTABLE', 'size': 1052497, '_latest_artifact_path': 'wandb-client-artifact://8r64gn7b6jziln46pg24grp6n7k6y8qqetcl4wnd6rpjlf3fhg9nypds8unbp2z1pm0huv4mhu9xg60n62iv1cz8fktmefb69c4rhk8cbhs12nwn7ltiqa9rlyxsf7su:latest/code_results.table.json', 'artifact_path': 'wandb-client-artifact://kx26t26vmqu8dl1nfgqgzc8w84oswa7faon0akaa19bw49mdapl1el2a9ngma9hju7l5s7qmuvq1fw7xcgjcl3o9k7alm8o29lx6jafit9g0iiuezwklicdczrzu7b5w/code_results.table.json', 'nrows': 400, 'ncols': 13}"
132,,1093,13024.753320571,1764193261.9086719,61,,,0.0016139913350343704,,,,,,,,,,,,,,,,,,,,,,,,,,,,,,,,,,,
133,,1103,13118.750502434,1764193355.9059894,61,,0.8013950381428003,,,,,,,,,,,,,,,,,,,,,,,,,,,,,,,,,,,,
134,62.69487101584673,1106,13184.217009726,1764193421.3720596,62,,,,,,,,,,,,,,,,,,,,,,,,,,,,,,,,,,,,,,
135,,1107,13184.236196363,1764193421.3914902,62,,,0.0017137117683887482,,,,,,,,,,,,,,,,,,,,,,,,,,,,,,,,,,,
136,,1118,13335.75649012,1764193572.911695,63,,,,,,,,,0.37382879853248596,0.0,493.86669921875,0.0,0.4770435690879822,1.375,1297484.0,0.504016101360321,0.4375,0.90625,1.766340732574463,192.0,0.1029,0.9375,0.21001248061656952,192.0,0.0,5e-06,0.0,527.0,1.125,0.25,881.0,0.0625,0.0,0.4435684084892273,0.421875,0.24593468010425568,1024.0,
137,,1125,13463.500190292,1764193700.6556516,63,,,,,63.580403639003634,,,,,,,,,,,,,,,,,,,,,,,,,,,,,,,,,
138,,1133,13469.454777415,1764193706.6102848,64,,,,,,,,,,,,,,,,,,,,,,,,,,,,,,,,,,,,,,"{'ncols': 13, 'size': 1052497, '_latest_artifact_path': 'wandb-client-artifact://x5ipdho65tmqerk1dzhlraeohrsvgyda5oh9168uoa5h02hgzcothx6c8e4d9g70wjy8gizxur42be380noi7467826y3xftwzkf9h5kdnvzov5foy1ek4pygig98t4o:latest/code_results.table.json', '_type': 'table-file', 'artifact_path': 'wandb-client-artifact://n2rns0a2354cah91b1kskxjyz26xybubl8n18gmohm3rax5txuxkaiyy1hbuoblwdk8eu5cnlfsw7iqi7f8avtfh27hfon7qcx2b7dlao22aogxl5a4dqi7aw4vmaamy/code_results.table.json', 'log_mode': 'IMMUTABLE', 'path': 'media/table/code_results_1133_fbe165e84bd7df38e2cc.table.json', 'nrows': 400, 'sha256': 'fbe165e84bd7df38e2cc019b745f3e5a263a59775e3c47dea226411a853b3d8a'}"
139,,1145,13635.330164861,1764193872.485523,64,,0.8353083748370409,,,,,,,,,,,,,,,,,,,,,,,,,,,,,,,,,,,,
140,,1164,14002.906146937,1764194240.0610583,66,,,,,,56.14579039439559,,,,,,,,,,,,,,,,,,,,,,,,,,,,,,,,
141,,1165,14002.908980199,1764194240.0640075,66,,,,,,,,0.0016924813389778137,,,,,,,,,,,,,,,,,,,,,,,,,,,,,,
142,,1172,14005.209074935,1764194242.3643286,66,0.29435427486896515,,,,,,,,,,,,,,,,,,,,,,,,,,,,,,,,,,,,,
143,,1181,14250.661167918,1764194487.8167264,67,,,,,198.01921014674008,,,,,,,,,,,,,,,,,,,,,,,,,,,,,,,,,
144,,1186,14252.679579168,1764194489.8348746,67,0.2572344057261944,,,,,,,,,,,,,,,,,,,,,,,,,,,,,,,,,,,,,
145,,1197,14443.785771378,1764194680.9410012,68,0.40247070230543613,,,,,,,,,,,,,,,,,,,,,,,,,,,,,,,,,,,,,
146,,1198,14444.251922734,1764194681.4072082,68,,0.8689344376325607,,,,,,,,,,,,,,,,,,,,,,,,,,,,,,,,,,,,
147,,1213,14575.822223624,1764194812.9774168,69,,,,5.09992241859436e-06,,,,,,,,,,,,,,,,,,,,,,,,,,,,,,,,,,
148,,1215,14576.640178757,1764194813.795537,69,,0.8175155818462372,,,,,,,,,,,,,,,,,,,,,,,,,,,,,,,,,,,,
149,,1222,14748.095111039,1764194985.250397,70,,,,,,,0.0007806010544300079,,,,,,,,,,,,,,,,,,,,,,,,,,,,,,,
150,,1226,14748.960313203,1764194986.115693,70,,0.8552180342376232,,,,,,,,,,,,,,,,,,,,,,,,,,,,,,,,,,,,
151,,1230,14752.933263328,1764194990.0884602,71,,,,,,,,,0.40283530950546265,0.0,424.5483703613281,0.0,0.45097339153289795,1.34375,1452436.0,0.49186936020851135,0.375,0.625,1.263635277748108,224.0,0.0651,0.96875,0.2586624026298523,224.0,0.0,5e-06,0.0,443.28125,1.2678571428571428,0.25,679.0,0.03125,0.0,0.38466876745224,0.328125,0.1767766922712326,1024.0,
152,,1234,14932.917934708,1764195170.0729513,71,,,,,,116.8572474103421,,,,,,,,,,,,,,,,,,,,,,,,,,,,,,,,
153,,1245,14938.704242975,1764195175.8596735,72,,,,,,,,,,,,,,,,,,,,,,,,,,,,,,,,,,,,,,"{'artifact_path': 'wandb-client-artifact://d49wkly87v7g2i4zqf6zqjmey0s9dz8xrlj6hbihj32mvz8foo7juru7x41tmh04fk91er21gjhatlk2nhd1v3ho1p2oiqpmyscrykuzh0jrul6sydjjq2z4qivo7p58/code_results.table.json', 'ncols': 13, 'path': 'media/table/code_results_1245_fbe165e84bd7df38e2cc.table.json', 'log_mode': 'IMMUTABLE', 'nrows': 400, 'sha256': 'fbe165e84bd7df38e2cc019b745f3e5a263a59775e3c47dea226411a853b3d8a', '_type': 'table-file', 'size': 1052497, '_latest_artifact_path': 'wandb-client-artifact://1xtg6ocau6pdlxu4n8wxwjbg28vip3errjaua5bvi8e20dpkzb4exp315qy0l2k5hg9eudkfqs5nv1cwiujd64sfq0016hxmh3d8macm5t0jjoyk3xgeqoabfdc6pz1u:latest/code_results.table.json'}"
154,,1254,15111.01160989,1764195348.1669304,72,,0.5079148914664984,,,,,,,,,,,,,,,,,,,,,,,,,,,,,,,,,,,,
155,,1271,15342.750998604,1764195579.9063563,73,,0.8290022742003202,,,,,,,,,,,,,,,,,,,,,,,,,,,,,,,,,,,,
156,,1299,15691.374064281,1764195928.5295904,75,,0.6522834878414869,,,,,,,,,,,,,,,,,,,,,,,,,,,,,,,,,,,,
157,,1339,16216.689500117,1764196453.8449132,78,,,,4.04752790927887e-06,,,,,,,,,,,,,,,,,,,,,,,,,,,,,,,,,,
158,,1340,16217.066053856,1764196454.2213545,78,0.3758157677948475,,,,,,,,,,,,,,,,,,,,,,,,,,,,,,,,,,,,,
159,,1349,16473.441864355,1764196710.597393,79,,,,,190.73605734482408,,,,,,,,,,,,,,,,,,,,,,,,,,,,,,,,,
160,,1353,16475.859535324,1764196713.0147307,79,,,,7.752329111099243e-06,,,,,,,,,,,,,,,,,,,,,,,,,,,,,,,,,,
161,,1363,16554.206169848,1764196791.3617303,80,,,,,11.842882668599486,,,,,,,,,,,,,,,,,,,,,,,,,,,,,,,,,
162,,1365,16554.584245188,1764196791.7391481,80,0.37145561166107655,,,,,,,,,,,,,,,,,,,,,,,,,,,,,,,,,,,,,
163,,1370,16558.984062605,1764196796.137455,81,,,,,,,,,0.32240375876426697,0.0,600.1304321289062,0.0,0.0883883461356163,0.71875,1645489.0,0.0,0.0,0.0,0.0,259.0,0.1054,0.71875,0.14999650418758392,259.0,0.0,5e-06,0.0,719.34375,1.4464285714285714,0.5,1023.0,0.28125,0.0,0.27900636196136475,0.015625,0.45680341124534607,1024.0,
164,,1380,16718.347769173,1764196955.5031602,81,,0.8092472665011883,,,,,,,,,,,,,,,,,,,,,,,,,,,,,,,,,,,,
165,,1381,16719.81282561,1764196956.9682024,81,,,,4.410743713378906e-06,,,,,,,,,,,,,,,,,,,,,,,,,,,,,,,,,,
166,,1388,16916.59542982,1764197153.7503972,82,,,,,,130.0994864385575,,,,,,,,,,,,,,,,,,,,,,,,,,,,,,,,
167,,1389,16916.598060502,1764197153.7532022,82,,,,,,,,0.001624932512640953,,,,,,,,,,,,,,,,,,,,,,,,,,,,,,
168,,1395,16919.354285696,1764197156.509423,82,,,,6.549060344696045e-06,,,,,,,,,,,,,,,,,,,,,,,,,,,,,,,,,,
169,,1397,16920.274506018,1764197157.4298074,82,,0.9195741321891546,,,,,,,,,,,,,,,,,,,,,,,,,,,,,,,,,,,,
170,,1399,16923.256844259,1764197160.4122202,83,,,,,,,,,,,,,,,,,,,,,,,,,,,,,,,,,,,,,,"{'log_mode': 'IMMUTABLE', 'path': 'media/table/code_results_1399_fbe165e84bd7df38e2cc.table.json', 'size': 1052497, 'nrows': 400, '_latest_artifact_path': 'wandb-client-artifact://w5u8glnpq5irkzb6x4r2ze41y0z6joskmbz27ck91u2ohy25huj5o3yyo73t8l0442wqpuhxr0hjywqcmkm8ucr3lyfjzn5p2lz41jchzep9kvo3cepcc1eiaz9sn6d1:latest/code_results.table.json', 'ncols': 13, 'sha256': 'fbe165e84bd7df38e2cc019b745f3e5a263a59775e3c47dea226411a853b3d8a', '_type': 'table-file', 'artifact_path': 'wandb-client-artifact://c95vq0bh61zijux70a49ffoe8749nuqse9g5r25hab3544p413hq43xwxltra41nppgnaw2lsvl7k6cgagdv3luuu6zw25lbakqrwuulgfv63147y0jvnyjbxa1lityq/code_results.table.json'}"
171,,1401,16986.040838922,1764197223.1939292,83,,,0.001661861315369606,,,,,,,,,,,,,,,,,,,,,,,,,,,,,,,,,,,
172,,1405,17047.411820432,1764197284.5674114,83,,,,,61.3752682544291,,,,,,,,,,,,,,,,,,,,,,,,,,,,,,,,,
173,,1425,17146.619614479,1764197383.7750225,84,,0.4700864106416702,,,,,,,,,,,,,,,,,,,,,,,,,,,,,,,,,,,,
174,,1432,17375.061325738,1764197612.2166615,85,,,,,,,0.0007710028439760208,,,,,,,,,,,,,,,,,,,,,,,,,,,,,,,
175,,1433,17375.062223389,1764197612.2175741,85,,,,,179.80596567317843,,,,,,,,,,,,,,,,,,,,,,,,,,,,,,,,,
176,,1447,17544.260461513,1764197781.4157248,86,,,,,111.51235967688262,,,,,,,,,,,,,,,,,,,,,,,,,,,,,,,,,
177,,1452,17546.786801496,1764197783.9417667,86,0.3284069839864969,,,,,,,,,,,,,,,,,,,,,,,,,,,,,,,,,,,,,
178,,1455,17549.819761861,1764197786.9750762,87,,,,,,,,,,,,,,,,,,,,,,,,,,,,,,,,,,,,,,"{'ncols': 13, 'log_mode': 'IMMUTABLE', 'size': 1052497, '_latest_artifact_path': 'wandb-client-artifact://yns0cfu1fy8bvwbt2o0ddva07wjk95bbb3e3wvcc1hzil1gg4ahihrjv2v4kmidu8u5979q927c6o28n1p5av7msgaxn4p0uqh7ghf10apho6bcfop4xwwoutz18762q:latest/code_results.table.json', 'nrows': 400, 'path': 'media/table/code_results_1455_fbe165e84bd7df38e2cc.table.json', 'sha256': 'fbe165e84bd7df38e2cc019b745f3e5a263a59775e3c47dea226411a853b3d8a', '_type': 'table-file', 'artifact_path': 'wandb-client-artifact://sm0c381q6q3tekwkiintijrsst7pbnjzjbqyis89tupiuovwqjraxwnvw1ddsup13p45d420rgpmfulh8846fq81upms5fvg4hzbxt6bv7cjf2oxvb51gbzktpx06y7b/code_results.table.json'}"
179,62.15649894438684,1456,17612.033942776,1764197849.1885486,87,,,,,,,,,,,,,,,,,,,,,,,,,,,,,,,,,,,,,,
180,,1457,17612.053455983,1764197849.2088137,87,,,0.0017092600464820862,,,,,,,,,,,,,,,,,,,,,,,,,,,,,,,,,,,
181,,1488,18165.392908248,1764198402.5483327,89,,,,,,,0.0005537401884794235,,,,,,,,,,,,,,,,,,,,,,,,,,,,,,,
182,,1514,18546.745922658,1764198783.9007902,91,,,,,,81.67534147575498,,,,,,,,,,,,,,,,,,,,,,,,,,,,,,,,
183,,1519,18547.140991603,1764198784.296341,91,0.38747062906622887,,,,,,,,,,,,,,,,,,,,,,,,,,,,,,,,,,,,,
184,,1521,18549.182084133,1764198786.3370457,91,,,,7.1302056312561035e-06,,,,,,,,,,,,,,,,,,,,,,,,,,,,,,,,,,
185,,1523,18550.013120257,1764198787.1685195,91,,0.8304610829800367,,,,,,,,,,,,,,,,,,,,,,,,,,,,,,,,,,,,
186,,1524,18551.603566584,1764198788.7589712,92,,,,,,,,,0.39111578464508057,0.0,469.137939453125,0.0,0.46851471066474915,1.21875,1852382.0,0.4709290862083435,0.3125,0.28125,0.7718588709831238,265.0,0.1533,0.90625,0.20907960832118988,265.0,0.0,5e-06,0.0,521.15625,1.6428571428571428,0.375,743.0,0.09375,0.0,0.3696783781051636,0.328125,0.2961445748806,1024.0,
187,,1525,18552.762671135,1764198789.9182308,92,,,,,,,,,,,,,,,,,,,,,,,,,,,,,,,,,,,,,,"{'nrows': 400, 'sha256': 'fbe165e84bd7df38e2cc019b745f3e5a263a59775e3c47dea226411a853b3d8a', 'size': 1052497, '_type': 'table-file', 'path': 'media/table/code_results_1525_fbe165e84bd7df38e2cc.table.json', 'artifact_path': 'wandb-client-artifact://36a63z97ppt8g7he6ty65jbvqz114vkm7r5i15prf3cyu8oyzmo40nssafka6v9hqlnafear7mbd4xvcq2tlvog0vs64g4xgrenyyor6bqbw3fa8eliw1dp1p4q8vhm4/code_results.table.json', 'log_mode': 'IMMUTABLE', 'ncols': 13, '_latest_artifact_path': 'wandb-client-artifact://uv0i2az8b5pvvcshe5atv8r3o8t0iyudg8byjp7wt055efaz5pwtg8lv54p21k2j9sd4om2zf4bd0gpaiq1yyeqppxfz374fzsduecshf3qt9unff4j7j8lrxjqaoaqv:latest/code_results.table.json'}"
188,,1527,18615.412574591,1764198852.5680873,92,,,0.0017263516783714294,,,,,,,,,,,,,,,,,,,,,,,,,,,,,,,,,,,
189,,1529,18670.045564215,1764198907.2010946,92,,,,,,,,0.0007627625018358231,,,,,,,,,,,,,,,,,,,,,,,,,,,,,,
190,,1534,18670.881551914,1764198908.0370207,92,,0.8298325520008802,,,,,,,,,,,,,,,,,,,,,,,,,,,,,,,,,,,,
191,,1536,18672.754795947,1764198909.91011,92,0.35014838352799416,,,,,,,,,,,,,,,,,,,,,,,,,,,,,,,,,,,,,
192,,1543,18766.606827164,1764199003.7623723,93,,,,,,,,0.0007631517946720123,,,,,,,,,,,,,,,,,,,,,,,,,,,,,,
193,,1545,18766.607930045,1764199003.7634397,93,,,,,28.090283796191216,,,,,,,,,,,,,,,,,,,,,,,,,,,,,,,,,
194,,1546,18766.612638759,1764199003.768221,93,,,,90.72092051617801,,,,,,,,,,,,,,,,,,,,,,,,,,,,,,,,,,
195,,1558,18915.895313975,1764199153.0507622,94,,,,,,,0.0007255300879478455,,,,,,,,,,,,,,,,,,,,,,,,,,,,,,,
196,,1559,18915.896131945,1764199153.0515838,94,,,,,97.59662850387394,,,,,,,,,,,,,,,,,,,,,,,,,,,,,,,,,
197,,1563,18917.703942512,1764199154.8591297,94,,,,4.950910806655884e-06,,,,,,,,,,,,,,,,,,,,,,,,,,,,,,,,,,
198,,1566,18919.47876176,1764199156.6339855,95,,,,,,,,,0.4031776934862137,0.0,412.90625,0.0,0.45348116755485535,1.34375,1908513.0,0.4825586974620819,0.34375,0.46875,1.0155048370361328,273.0,0.0146,1.0,0.19664309918880463,273.0,0.0,5e-06,0.0,412.90625,1.6964285714285714,0.625,741.0,0.0,0.0,0.1875,0.4375,0.0,741.0,
199,,1588,19195.088947114,1764199432.2442496,96,,,,122.72813073731959,,,,,,,,,,,,,,,,,,,,,,,,,,,,,,,,,,
200,,1589,19195.480349845,1764199432.6354892,96,0.39038076996803284,,,,,,,,,,,,,,,,,,,,,,,,,,,,,,,,,,,,,
201,,1597,19263.910544382,1764199501.065932,97,,,0.001530580222606659,,,,,,,,,,,,,,,,,,,,,,,,,,,,,,,,,,,
202,,1607,19318.476381377,1764199555.6317751,97,,0.8430354334414005,,,,,,,,,,,,,,,,,,,,,,,,,,,,,,,,,,,,
203,,1609,19321.234606933,1764199558.389909,98,,,,,,,,,,,,,,,,,,,,,,,,,,,,,,,,,,,,,,"{'sha256': 'fbe165e84bd7df38e2cc019b745f3e5a263a59775e3c47dea226411a853b3d8a', 'artifact_path': 'wandb-client-artifact://lqcfygxpmajwtc0twrr34noeskd0xguif5rku4r8wt5mtllvq8vcjyetg7xg1re1uwbmt28k0d7sy4p0n09eu9f8zaknloibs2rr4x89jejww7mulf6omrjf7wmkhxyi/code_results.table.json', 'ncols': 13, 'nrows': 400, 'path': 'media/table/code_results_1609_fbe165e84bd7df38e2cc.table.json', 'size': 1052497, 'log_mode': 'IMMUTABLE', '_latest_artifact_path': 'wandb-client-artifact://htykjgr4e4fe3t5e7edo2aqlw39cltl9f8l0rr05f3b9nw7sfoyfd74y43x5zu7k1f94m3lcspba2e6a97ihju52ox8lh00aa9c1cybckgzwqpxbrklvezwzp635jz2t:latest/code_results.table.json', '_type': 'table-file'}"
204,43.58767468482256,1610,19364.881535766,1764199602.036628,98,,,,,,,,,,,,,,,,,,,,,,,,,,,,,,,,,,,,,,
205,,1612,19461.770218301,1764199698.9253044,98,,,,,,96.87086414732039,,,,,,,,,,,,,,,,,,,,,,,,,,,,,,,,
206,,1626,19643.499127352,1764199880.654424,99,,,,,,114.82197822444141,,,,,,,,,,,,,,,,,,,,,,,,,,,,,,,,
207,59.232404835522175,1638,19708.560813652,1764199945.715734,100,,,,,,,,,,,,,,,,,,,,,,,,,,,,,,,,,,,,,,
208,,1648,19755.285163218,1764199992.4406424,100,,,0.0007747802883386612,,,,,,,,,,,,,,,,,,,,,,,,,,,,,,,,,,,
209,59.95341149717569,1656,19866.848256171,1764200104.0031724,100,,,,,,,,,,,,,,,,,,,,,,,,,,,,,,,,,,,,,,
210,,1687,20332.444724447,1764200569.6001902,100,,,,,,,0.0002517402172088623,,,,,,,,,,,,,,,,,,,,,,,,,,,,,,,
211,,1706,20542.573336385,1764200779.7287388,100,,,,,70.73374691605568,,,,,,,,,,,,,,,,,,,,,,,,,,,,,,,,,
212,,1732,20944.341168287,1764201181.4966247,100,,,,,,,0.0004913490265607834,,,,,,,,,,,,,,,,,,,,,,,,,,,,,,,
213,,1745,21020.890254838,1764201258.0457218,100,,0.5557318031787872,,,,,,,,,,,,,,,,,,,,,,,,,,,,,,,,,,,,
214,,1753,21140.091527175,1764201377.2467155,100,0.15781341679394245,,,,,,,,,,,,,,,,,,,,,,,,,,,,,,,,,,,,,
215,,1754,21140.280032509,1764201377.4353952,100,,0.3467581793665886,,,,,,,,,,,,,,,,,,,,,,,,,,,,,,,,,,,,
216,,1762,21269.054779058,1764201506.2103539,100,,,,,60.431043861433864,,,,,,,,,,,,,,,,,,,,,,,,,,,,,,,,,
217,,1765,21269.876836795,1764201507.0308647,100,,0.8152843192219734,,,,,,,,,,,,,,,,,,,,,,,,,,,,,,,,,,,,
218,,1768,21272.160460436,1764201509.3158429,100,,0.7951045837253332,,,,,,,,,,,,,,,,,,,,,,,,,,,,,,,,,,,,
219,,1777,21432.977696081,1764201670.1331415,101,,,,158.13753990456462,,,,,,,,,,,,,,,,,,,,,,,,,,,,,,,,,,
220,,1805,21838.250865447,1764202075.4064605,103,,,,192.51935259997845,,,,,,,,,,,,,,,,,,,,,,,,,,,,,,,,,,
221,,1818,22017.987396092,1764202255.1428401,104,,,,,111.36865324527025,,,,,,,,,,,,,,,,,,,,,,,,,,,,,,,,,
222,,1823,22020.780401397,1764202257.935637,104,0.3623579051345587,,,,,,,,,,,,,,,,,,,,,,,,,,,,,,,,,,,,,
223,,1851,22353.229677549,1764202590.3849683,106,0.3641719464212656,,,,,,,,,,,,,,,,,,,,,,,,,,,,,,,,,,,,,
224,,1856,22396.514358976,1764202633.669586,107,,,0.001411832869052887,,,,,,,,,,,,,,,,,,,,,,,,,,,,,,,,,,,
225,,1868,22464.779041578,1764202701.9343362,108,,,,,,,,,,,,,,,,,,,,,,,,,,,,,,,,,,,,,,"{'ncols': 13, 'nrows': 600, 'sha256': 'a6a7778765ab4e1ee78a636bf6ad54be3919c537c02fcf803d0bdf2b5a9d4a27', '_type': 'table-file', 'log_mode': 'IMMUTABLE', 'path': 'media/table/code_results_1868_a6a7778765ab4e1ee78a.table.json', 'size': 1559886, '_latest_artifact_path': 'wandb-client-artifact://ykh2ld9753az5q865s0i2qhkzl5g2p11f2iia7sfywx4pmzinqqhplofroza0pczbp1uv4ad96bqzzp4lkvgy0a8cgfye4f6gmrmrnapowvw5mmjv1q9ymejr2fy69s7:latest/code_results.table.json', 'artifact_path': 'wandb-client-artifact://gq14a3dah169oqhfpb4gk80xm9g93m0f4tg6fpj8ypkxsrlddkr02c3v5uj4spmt64bs57cl0pat5616izqxx1yb19djlmd8o2qzl7b4xhjac3hulcstqkkvnfoduvt3/code_results.table.json'}"
226,,1873,22594.526233168,1764202831.6815922,108,,,,,,,0.0007828306406736374,,,,,,,,,,,,,,,,,,,,,,,,,,,,,,,
227,,1876,22594.880368697,1764202832.03557,108,0.3437224067747593,,,,,,,,,,,,,,,,,,,,,,,,,,,,,,,,,,,,,
228,,1877,22595.316069887,1764202832.4714746,108,,0.7798811793327332,,,,,,,,,,,,,,,,,,,,,,,,,,,,,,,,,,,,
229,,1886,22717.321429495,1764202954.4767644,109,,,,,,,,0.0013638287782669067,,,,,,,,,,,,,,,,,,,,,,,,,,,,,,
230,,1895,22721.347871147,1764202958.5030646,110,,,,,,,,,0.3781800717115402,0.0,452.875,0.0,0.4399413466453552,1.25,2182945.0,0.4399413466453552,0.25,0.25,0.8032193183898926,279.0,-0.0048,1.0,0.12856194376945496,279.0,0.0,5e-06,0.0,452.875,1.9642857142857144,0.75,842.0,0.0,0.0,0.125,0.25,0.0,842.0,
231,,1903,22851.766295411,1764203088.9217079,110,,,,129.15975591912866,,,,,,,,,,,,,,,,,,,,,,,,,,,,,,,,,,
232,,1906,22854.104824491,1764203091.2599318,110,,,,6.839632987976074e-06,,,,,,,,,,,,,,,,,,,,,,,,,,,,,,,,,,
233,,1918,22980.128239903,1764203217.2833695,111,0.3752168193459511,,,,,,,,,,,,,,,,,,,,,,,,,,,,,,,,,,,,,
234,,1920,22982.106308988,1764203219.2616327,111,,,,6.329268217086792e-06,,,,,,,,,,,,,,,,,,,,,,,,,,,,,,,,,,
235,,1930,23117.880843364,1764203355.0359766,112,,,,,68.89570661261678,,,,,,,,,,,,,,,,,,,,,,,,,,,,,,,,,
236,,1945,23266.617246013,1764203503.772812,113,,,,142.67589558288455,,,,,,,,,,,,,,,,,,,,,,,,,,,,,,,,,,
237,,1950,23269.609072733,1764203506.7646265,113,,0.7658575680106878,,,,,,,,,,,,,,,,,,,,,,,,,,,,,,,,,,,,
238,,1959,23478.600229329,1764203715.7558024,114,,,,206.3342091999948,,,,,,,,,,,,,,,,,,,,,,,,,,,,,,,,,,
239,,1971,23642.826060907,1764203879.9814796,115,,,,,,,0.0007706023752689362,,,,,,,,,,,,,,,,,,,,,,,,,,,,,,,
240,,1973,23642.837085476,1764203879.992447,115,,,,158.2466509435326,,,,,,,,,,,,,,,,,,,,,,,,,,,,,,,,,,
241,,1985,23824.491464452,1764204061.6468844,116,,,,,,,0.0007778424769639969,,,,,,,,,,,,,,,,,,,,,,,,,,,,,,,
242,,1991,23826.7932768,1764204063.9484935,116,0.290282741189003,,,,,,,,,,,,,,,,,,,,,,,,,,,,,,,,,,,,,
243,,2001,23991.536299728,1764204228.691724,117,,,,161.80217266269028,,,,,,,,,,,,,,,,,,,,,,,,,,,,,,,,,,
244,,2002,23991.788050488,1764204228.9432633,117,0.25062294863164425,,,,,,,,,,,,,,,,,,,,,,,,,,,,,,,,,,,,,
245,,2007,23994.531533141,1764204231.6866684,118,,,,,,,,,0.40728428959846497,0.0,358.0,0.0,0.459827721118927,1.375,2320743.0,0.49186936020851135,0.375,0.4375,0.9136068224906921,202.0,-0.0416,1.0,0.24669121205806732,202.0,0.0,5e-06,0.0,358.0,2.107142857142857,0.5,619.0,0.0,0.0,0.25,0.421875,0.0,619.0,
246,,2016,24172.759339639,1764204409.9139698,118,0.38371478393673897,,,,,,,,,,,,,,,,,,,,,,,,,,,,,,,,,,,,,
247,,2019,24175.128238595,1764204412.2834234,118,0.3574864435940981,,,,,,,,,,,,,,,,,,,,,,,,,,,,,,,,,,,,,
248,,2024,24240.906571709,1764204478.0618978,119,,,0.0015408601611852646,,,,,,,,,,,,,,,,,,,,,,,,,,,,,,,,,,,
249,,2027,24394.285567657,1764204631.4409626,119,,,,,,,0.0008179303258657455,,,,,,,,,,,,,,,,,,,,,,,,,,,,,,,
250,,2029,24394.296083997,1764204631.4515405,119,,,,215.91721414588392,,,,,,,,,,,,,,,,,,,,,,,,,,,,,,,,,,
251,,2034,24397.458435704,1764204634.6134465,119,,0.8060781788080931,,,,,,,,,,,,,,,,,,,,,,,,,,,,,,,,,,,,
252,,2045,24511.878740648,1764204749.0341158,120,,0.824064027518034,,,,,,,,,,,,,,,,,,,,,,,,,,,,,,,,,,,,
253,50.36817176267505,2051,24567.318339865,1764204804.4734104,121,,,,,,,,,,,,,,,,,,,,,,,,,,,,,,,,,,,,,,
254,,2052,24567.337585712,1764204804.4911914,121,,,0.0014477726072072983,,,,,,,,,,,,,,,,,,,,,,,,,,,,,,,,,,,
255,,2054,24685.600379366,1764204922.7557135,121,,,,,,,,0.0009639915078878403,,,,,,,,,,,,,,,,,,,,,,,,,,,,,,
256,62.984789960086346,2065,24753.770062116,1764204990.9252667,122,,,,,,,,,,,,,,,,,,,,,,,,,,,,,,,,,,,,,,
257,,2070,24866.641360699,1764205103.796938,122,,,,,112.85542736761272,,,,,,,,,,,,,,,,,,,,,,,,,,,,,,,,,
258,,2076,24869.776928423,1764205106.9324677,122,,0.8009501006454229,,,,,,,,,,,,,,,,,,,,,,,,,,,,,,,,,,,,
259,63.09243865124881,2093,25126.521719905,1764205363.6769757,124,,,,,,,,,,,,,,,,,,,,,,,,,,,,,,,,,,,,,,
260,,2094,25126.540814711,1764205363.6954515,124,,,0.001600012183189392,,,,,,,,,,,,,,,,,,,,,,,,,,,,,,,,,,,
261,,2117,25481.196257828,1764205718.3514283,125,0.35450491681694984,,,,,,,,,,,,,,,,,,,,,,,,,,,,,,,,,,,,,
262,,2141,25806.780011982,1764206043.9353871,127,,,,186.9474040940404,,,,,,,,,,,,,,,,,,,,,,,,,,,,,,,,,,
263,,2146,25809.36905523,1764206046.5241215,127,,0.6570295114070177,,,,,,,,,,,,,,,,,,,,,,,,,,,,,,,,,,,,
264,,2147,25810.635969395,1764206047.7913125,128,,,,,,,,,0.39345794916152954,0.0,420.9375,0.0,0.4478892982006073,1.4375,2497433.0,0.504016101360321,0.4375,1.03125,1.7317596673965454,225.0,-0.0226,1.0,0.1553078144788742,225.0,0.0,5e-06,0.0,420.9375,2.2857142857142856,0.625,797.0,0.0,0.0,0.19716878235340118,0.34375,0.0,797.0,
265,,2148,25811.841060136,1764206048.9963403,128,,,,,,,,,,,,,,,,,,,,,,,,,,,,,,,,,,,,,,"{'_latest_artifact_path': 'wandb-client-artifact://vdfknwp47ifq24wxllcb8ybfgtgsefk4e5jumds6g1y41r8405m9v2i9ct1bly04cew5py2x0yo7ujnis9pixj9xviaofgljcnguk8xr4249ccjubaphgi37adh19wmt:latest/code_results.table.json', '_type': 'table-file', 'nrows': 600, 'sha256': 'a6a7778765ab4e1ee78a636bf6ad54be3919c537c02fcf803d0bdf2b5a9d4a27', 'ncols': 13, 'path': 'media/table/code_results_2148_a6a7778765ab4e1ee78a.table.json', 'size': 1559886, 'log_mode': 'IMMUTABLE', 'artifact_path': 'wandb-client-artifact://7hawmwyusiu2reu1epjwwouogiqventyr4zo3i5p1xydo1m41oqgibocoun2nhh1fhbsdt4ntrnxgbak6p1fv94zb68ldmwzm1s1wjr7oaz7wktwubjefd87s4wak0n0/code_results.table.json'}"
266,,2155,25913.826628235,1764206150.981923,128,,,,101.96117554046214,,,,,,,,,,,,,,,,,,,,,,,,,,,,,,,,,,
267,,2164,25981.288051317,1764206218.443383,129,,,0.002057991921901703,,,,,,,,,,,,,,,,,,,,,,,,,,,,,,,,,,,
268,,2172,26049.547905974,1764206286.7029474,129,,,,8.281320333480835e-06,,,,,,,,,,,,,,,,,,,,,,,,,,,,,,,,,,
269,,2185,26169.568191661,1764206406.7235723,130,,0.6173241883516312,,,,,,,,,,,,,,,,,,,,,,,,,,,,,,,,,,,,
270,,2189,26172.408801009,1764206409.5641232,131,,,,,,,,,0.4286632537841797,0.0,377.75,0.0,0.47915205359458923,1.4375,2549599.0,0.507007360458374,0.46875,1.03125,2.8110883235931396,227.0,-0.0216,0.96875,0.2358105182647705,227.0,0.0,5e-06,0.0,377.75,2.3392857142857144,0.375,707.0,0.0,0.0,0.39433756470680237,0.359375,0.1767766922712326,707.0,
271,,2192,26217.962776056,1764206455.1181276,131,,,0.0013403799384832382,,,,,,,,,,,,,,,,,,,,,,,,,,,,,,,,,,,
272,,2197,26288.505994095,1764206525.6613462,131,,,,114.93564203381538,,,,,,,,,,,,,,,,,,,,,,,,,,,,,,,,,,
273,,2198,26288.784015007,1764206525.939235,131,0.27685160003602505,,,,,,,,,,,,,,,,,,,,,,,,,,,,,,,,,,,,,
274,,2199,26289.117349228,1764206526.2727456,131,,0.6106482315808535,,,,,,,,,,,,,,,,,,,,,,,,,,,,,,,,,,,,
275,,2211,26412.561696211,1764206649.717088,132,,,,119.44946593977511,,,,,,,,,,,,,,,,,,,,,,,,,,,,,,,,,,
276,,2212,26412.929041711,1764206650.0841932,132,0.3662973176687956,,,,,,,,,,,,,,,,,,,,,,,,,,,,,,,,,,,,,
277,,2214,26414.870381634,1764206652.025482,132,,,,5.120411515235901e-06,,,,,,,,,,,,,,,,,,,,,,,,,,,,,,,,,,
278,,2220,26459.378068569,1764206696.5336144,133,,,0.0013770610094070435,,,,,,,,,,,,,,,,,,,,,,,,,,,,,,,,,,,
279,,2223,26545.880397256,1764206783.0359917,133,,,,,,,0.0003388598561286926,,,,,,,,,,,,,,,,,,,,,,,,,,,,,,,
280,,2225,26545.88585592,1764206783.0414577,133,,,,127.43814504519105,,,,,,,,,,,,,,,,,,,,,,,,,,,,,,,,,,
281,,2226,26546.140737043,1764206783.284338,133,0.24235128052532673,,,,,,,,,,,,,,,,,,,,,,,,,,,,,,,,,,,,,
282,,2227,26546.440808634,1764206783.5945964,133,,0.5528298746794462,,,,,,,,,,,,,,,,,,,,,,,,,,,,,,,,,,,,
283,,2231,26548.982919941,1764206786.1383445,134,,,,,,,,,0.41265927255153656,0.0,409.03125,0.0,0.46635812520980835,1.40625,2597440.0,0.49899089336395264,0.40625,0.375,0.7931155562400818,246.0,-0.0134,1.0,0.19922320544719696,246.0,0.0,5e-06,0.0,409.03125,2.392857142857143,0.625,669.0,0.0,0.0,0.1875,0.515625,0.0,669.0,
284,,2235,26652.254163182,1764206889.4092767,134,,,,,,58.24600031413138,,,,,,,,,,,,,,,,,,,,,,,,,,,,,,,,
285,,2241,26652.880803768,1764206890.0360253,134,,0.6191468499600887,,,,,,,,,,,,,,,,,,,,,,,,,,,,,,,,,,,,
286,,2248,26719.890789896,1764206957.0462692,135,,,0.0016785822808742523,,,,,,,,,,,,,,,,,,,,,,,,,,,,,,,,,,,
287,,2250,26771.900317173,1764207009.055741,135,,,,,,,,0.0011837929487228394,,,,,,,,,,,,,,,,,,,,,,,,,,,,,,
288,,2253,26771.90945985,1764207009.0648406,135,,,,114.99977825768292,,,,,,,,,,,,,,,,,,,,,,,,,,,,,,,,,,
289,,2272,26899.295672932,1764207136.4510407,136,,0.8347624763846397,,,,,,,,,,,,,,,,,,,,,,,,,,,,,,,,,,,,
290,,2274,26902.130734514,1764207139.2860506,137,,,,,,,,,,,,,,,,,,,,,,,,,,,,,,,,,,,,,,"{'_latest_artifact_path': 'wandb-client-artifact://qxas97cdk5ujm2dwmj8ovpa4wnbsl5lje5nb68iblgogjntmvv1bdq78ttu557kzd6ud38a6vsoo9yx3bnpc83fbvtqy39veesqozuyscwxf9rkuh9zhgxuwuf7b63sh:latest/code_results.table.json', '_type': 'table-file', 'log_mode': 'IMMUTABLE', 'path': 'media/table/code_results_2274_a6a7778765ab4e1ee78a.table.json', 'ncols': 13, 'sha256': 'a6a7778765ab4e1ee78a636bf6ad54be3919c537c02fcf803d0bdf2b5a9d4a27', 'nrows': 600, 'size': 1559886, 'artifact_path': 'wandb-client-artifact://0x53ggtc0cm81aqrkc6w7wjzczr52ok495u43sdgsuimt11p7sesdt6cuj0vwx2m9wggh1gk9g1uzonbbstjxfxelmr60upvfvx5xokuorj2rud2tdzo22vnwdd2d7sz/code_results.table.json'}"
291,,2280,27050.902080224,1764207288.0573835,137,,,,,86.11468128859997,,,,,,,,,,,,,,,,,,,,,,,,,,,,,,,,,
292,,2282,27051.305109156,1764207288.460359,137,0.3949357233941555,,,,,,,,,,,,,,,,,,,,,,,,,,,,,,,,,,,,,
293,,2295,27229.191353386,1764207466.3466983,138,,,,172.23321629315615,,,,,,,,,,,,,,,,,,,,,,,,,,,,,,,,,,
294,,2298,27231.481507434,1764207468.6365047,138,,,,5.3085386753082275e-06,,,,,,,,,,,,,,,,,,,,,,,,,,,,,,,,,,
295,,2310,27334.901779294,1764207572.0569794,139,0.3484312519431114,,,,,,,,,,,,,,,,,,,,,,,,,,,,,,,,,,,,,
296,,2312,27336.787442498,1764207573.9426033,139,,,,5.720183253288269e-06,,,,,,,,,,,,,,,,,,,,,,,,,,,,,,,,,,
297,,2318,27402.657758272,1764207639.813112,140,,,0.0014863703399896622,,,,,,,,,,,,,,,,,,,,,,,,,,,,,,,,,,,
298,,2322,27510.730768481,1764207747.8859992,140,,,,,108.07447056099772,,,,,,,,,,,,,,,,,,,,,,,,,,,,,,,,,
299,,2324,27511.116849597,1764207748.2720602,140,0.37543810717761517,,,,,,,,,,,,,,,,,,,,,,,,,,,,,,,,,,,,,
300,,2329,27515.363985941,1764207752.519264,141,,,,,,,,,0.3754296153783798,0.0,458.0,0.0,0.42950645089149475,1.375,2717799.0,0.49899089336395264,0.40625,0.6875,1.281065583229065,283.0,0.0821,0.96875,0.17887689173221588,283.0,0.0,5e-06,0.0,475.6875,2.517857142857143,0.5,696.0,0.03125,0.0,0.25,0.40625,0.1767766922712326,1024.0,
301,,2330,27516.666120567,1764207753.8214645,141,,,,,,,,,,,,,,,,,,,,,,,,,,,,,,,,,,,,,,"{'ncols': 13, 'size': 1559886, 'log_mode': 'IMMUTABLE', 'nrows': 600, 'path': 'media/table/code_results_2330_a6a7778765ab4e1ee78a.table.json', '_latest_artifact_path': 'wandb-client-artifact://51gbd5xgyqqfxb5twzezj6hztqbt6di5gyseesxy3mqt0kqecufjfflxp4480foyhv4h5yionp3mwxw6u07eqid0t4tpxxe3410b825inlazhc6p30kh6rbu5sw3khea:latest/code_results.table.json', '_type': 'table-file', 'sha256': 'a6a7778765ab4e1ee78a636bf6ad54be3919c537c02fcf803d0bdf2b5a9d4a27', 'artifact_path': 'wandb-client-artifact://7azn867hkwepmasfrry0tng1p2o6aywrkbjs3g48qv3l64khamgyry87by7usjhehcjx8p62naf80w27c2ngnq3ga2mce47nn581rae09p9baop9ouf4653x86y6x1h2/code_results.table.json'}"
302,,2339,27660.67166356,1764207897.8267896,141,,0.542813265696168,,,,,,,,,,,,,,,,,,,,,,,,,,,,,,,,,,,,
303,,2343,27663.138091071,1764207900.2929482,142,,,,,,,,,0.3980347812175751,0.0,393.78125,0.0,0.420912504196167,1.3125,2733164.0,0.4709290862083435,0.3125,0.5625,1.7027018070220947,257.0,0.0076,1.0,0.2020629346370697,257.0,0.0,5e-06,0.0,393.78125,2.5357142857142856,0.625,627.0,0.0,0.0,0.19716878235340118,0.265625,0.0,627.0,
304,,2348,27867.341990613,1764208104.4972754,142,,,,,,,,0.0012640021741390228,,,,,,,,,,,,,,,,,,,,,,,,,,,,,,
305,,2354,27869.821436596,1764208106.976786,142,,,,3.632158041000366e-06,,,,,,,,,,,,,,,,,,,,,,,,,,,,,,,,,,
306,,2363,28066.476112334,1764208303.631453,143,,,,,,,0.0007293205708265305,,,,,,,,,,,,,,,,,,,,,,,,,,,,,,,
307,,2386,28202.513268759,1764208439.66854,145,,,,,,,,,,,,,,,,,,,,,,,,,,,,,,,,,,,,,,"{'ncols': 13, 'sha256': 'a6a7778765ab4e1ee78a636bf6ad54be3919c537c02fcf803d0bdf2b5a9d4a27', 'size': 1559886, '_latest_artifact_path': 'wandb-client-artifact://4w0aai95ewskg57dswxvwr8cmy6rmt7ym239vdozr6oi9b0wi5ae7amxeixhwktvgyw4am8nwx82usx1zaemchcirm54fflnjv497sf8cx6eqlcsg5a6x4fcptqjgk6k:latest/code_results.table.json', 'artifact_path': 'wandb-client-artifact://v4j43ll3hw2bxpklsh0tajv85c5qqdvxxndgukc1zwshjjw6gov8mjr21o1l9q6708lw9flziksgq4lb34d539k757g9c2mk25akj1je2bmmth9z0zetf6y9w2p8jnru/code_results.table.json', 'log_mode': 'IMMUTABLE', '_type': 'table-file', 'nrows': 600, 'path': 'media/table/code_results_2386_a6a7778765ab4e1ee78a.table.json'}"
308,,2389,28377.103630466,1764208614.2586625,145,,,,,,119.35219450481236,,,,,,,,,,,,,,,,,,,,,,,,,,,,,,,,
309,,2394,28377.451825389,1764208614.6070366,145,0.3334024418145418,,,,,,,,,,,,,,,,,,,,,,,,,,,,,,,,,,,,,
310,,2409,28548.667232332,1764208785.8226612,146,,0.5110454559326172,,,,,,,,,,,,,,,,,,,,,,,,,,,,,,,,,,,,
311,,2426,28692.520644733,1764208929.6759334,147,,0.8387396838515997,,,,,,,,,,,,,,,,,,,,,,,,,,,,,,,,,,,,
312,,2430,28731.264961741,1764208968.4201899,148,,,0.001385331153869629,,,,,,,,,,,,,,,,,,,,,,,,,,,,,,,,,,,
313,,2449,28896.485353136,1764209133.6407611,149,,,,120.16686983406544,,,,,,,,,,,,,,,,,,,,,,,,,,,,,,,,,,
314,58.54120904393494,2457,28959.77533936,1764209196.9304101,150,,,,,,,,,,,,,,,,,,,,,,,,,,,,,,,,,,,,,,
315,,2465,28977.757537002,1764209214.9129443,150,,0.8276451826095581,,,,,,,,,,,,,,,,,,,,,,,,,,,,,,,,,,,,
316,,2474,29120.852584322,1764209358.0078259,150,,0.47793705575168133,,,,,,,,,,,,,,,,,,,,,,,,,,,,,,,,,,,,
317,48.24091144092381,2484,29267.255468697,1764209504.4106398,150,,,,,,,,,,,,,,,,,,,,,,,,,,,,,,,,,,,,,,
318,,2491,29353.083456835,1764209590.2386582,150,0.3046378642320633,,,,,,,,,,,,,,,,,,,,,,,,,,,,,,,,,,,,,
319,26.73700711876154,2493,29380.218092639,1764209617.373179,150,,,,,,,,,,,,,,,,,,,,,,,,,,,,,,,,,,,,,,
320,,2500,29462.113552828,1764209699.2687087,150,0.19615434296429157,,,,,,,,,,,,,,,,,,,,,,,,,,,,,,,,,,,,,
321,,2506,29571.742997713,1764209808.898491,150,,,,,,,0.00024353154003620148,,,,,,,,,,,,,,,,,,,,,,,,,,,,,,,
322,59.39567982777953,2511,29631.989942243,1764209869.145078,150,,,,,,,,,,,,,,,,,,,,,,,,,,,,,,,,,,,,,,
323,,2514,29661.301243395,1764209898.456695,150,,,,,,,,0.0005491804331541061,,,,,,,,,,,,,,,,,,,,,,,,,,,,,,
324,,2515,29661.301612405,1764209898.4570885,150,,,,,,,0.00022980757057666779,,,,,,,,,,,,,,,,,,,,,,,,,,,,,,,
325,59.33527180366218,2520,29721.501631104,1764209958.6567543,150,,,,,,,,,,,,,,,,,,,,,,,,,,,,,,,,,,,,,,
326,,2530,29815.221301226,1764210052.3765888,150,,,0.0008374396711587906,,,,,,,,,,,,,,,,,,,,,,,,,,,,,,,,,,,
327,,2533,29897.978534836,1764210135.1338916,150,,,,,,,0.0005099717527627945,,,,,,,,,,,,,,,,,,,,,,,,,,,,,,,
328,,2540,29966.81812734,1764210203.9730167,150,,,,,,34.41771152429283,,,,,,,,,,,,,,,,,,,,,,,,,,,,,,,,
329,43.30373870395124,2547,30010.673330024,1764210247.8282373,150,,,,,,,,,,,,,,,,,,,,,,,,,,,,,,,,,,,,,,
330,,2557,30127.923804916,1764210365.0790591,150,,,0.0008091311901807785,,,,,,,,,,,,,,,,,,,,,,,,,,,,,,,,,,,
331,,2570,30278.873691186,1764210516.029101,150,,,,,68.43221586756408,,,,,,,,,,,,,,,,,,,,,,,,,,,,,,,,,
332,,2571,30278.877563969,1764210516.033055,150,,,,95.44279815256596,,,,,,,,,,,,,,,,,,,,,,,,,,,,,,,,,,
333,39.64268814213574,2576,30323.973386077,1764210561.127883,150,,,,,,,,,,,,,,,,,,,,,,,,,,,,,,,,,,,,,,
334,,2577,30323.98914098,1764210561.1443868,150,,,0.0012000687420368195,,,,,,,,,,,,,,,,,,,,,,,,,,,,,,,,,,,
335,,2608,30920.88560553,1764211158.040989,152,,,,,,,0.0007021687924861908,,,,,,,,,,,,,,,,,,,,,,,,,,,,,,,
336,,2610,30920.894967929,1764211158.050368,152,,,,207.0796853378415,,,,,,,,,,,,,,,,,,,,,,,,,,,,,,,,,,
337,,2630,31086.505589354,1764211323.660872,154,,,,,,,,,0.3599630296230316,0.0,380.53125,0.0,0.4825586974620819,1.3125,2924314.0,0.4709290862083435,0.3125,0.375,0.8327955007553101,214.0,-0.023,1.0,0.19391986727714539,214.0,0.0,5e-06,0.0,380.53125,2.75,0.625,946.0,0.0,0.0,0.19716878235340118,0.34375,0.0,946.0,
338,,2636,31265.268780689,1764211502.424122,154,,,,,,,0.0008082892745733261,,,,,,,,,,,,,,,,,,,,,,,,,,,,,,,
339,47.06432149372995,2646,31317.272555851,1764211554.4276094,155,,,,,,,,,,,,,,,,,,,,,,,,,,,,,,,,,,,,,,
340,,2647,31317.289659046,1764211554.445061,155,,,0.0012795720249414444,,,,,,,,,,,,,,,,,,,,,,,,,,,,,,,,,,,
341,,2648,31421.931647612,1764211659.0865948,155,,,,,,104.64089807495475,,,,,,,,,,,,,,,,,,,,,,,,,,,,,,,,
342,,2649,31421.933027133,1764211659.0883923,155,,,,,,,,0.0009968020021915436,,,,,,,,,,,,,,,,,,,,,,,,,,,,,,
343,,2651,31421.934952845,1764211659.090366,155,,,,,104.64672861993313,,,,,,,,,,,,,,,,,,,,,,,,,,,,,,,,,
344,,2668,31567.627729491,1764211804.783134,156,,0.8625690825283527,,,,,,,,,,,,,,,,,,,,,,,,,,,,,,,,,,,,
345,,2673,31572.909294967,1764211810.0646114,157,,,,,,,,,,,,,,,,,,,,,,,,,,,,,,,,,,,,,,"{'ncols': 13, 'size': 2045358, 'artifact_path': 'wandb-client-artifact://r8nbvt8gf3kyb6j4eou19py050aayi76lyivvdkly6jqfh7h9hoi9yh4l7qugoq7xrhevvmfpuktiy1rd9sg2qrr69x4n8nseaow46cgvasnnlcfkc7vd7gmdrwhicne/code_results.table.json', 'log_mode': 'IMMUTABLE', 'nrows': 800, 'sha256': '99eff9e849678cba36b1d822f5f35c22ca03351ac4cb4917bb4c33101c63cf58', '_latest_artifact_path': 'wandb-client-artifact://9klrp3r6bhb394bu5y8x96vljmke6h6tni4gdd3ihglm6ams0we4yc650enh6dijz6d49hawyjbn953s9f9e4fr4umy0zxynv0ig5ha5q97lyy9j4nznvta1hsp27m60:latest/code_results.table.json', '_type': 'table-file', 'path': 'media/table/code_results_2673_99eff9e849678cba36b1.table.json'}"
346,,2676,31709.073324172,1764211946.228242,157,,,,,,80.91155629046261,,,,,,,,,,,,,,,,,,,,,,,,,,,,,,,,
347,,2683,31711.191011909,1764211948.3461816,157,,,,4.30084764957428e-06,,,,,,,,,,,,,,,,,,,,,,,,,,,,,,,,,,
348,,2686,31713.274994867,1764211950.4301395,158,,,,,,,,,0.40410496294498444,0.0,368.4375,0.0,0.420013427734375,1.21875,2985830.0,0.420013427734375,0.21875,0.0625,0.24593468010425568,229.0,0.0167,1.0,0.12060260772705078,229.0,0.0,5e-06,0.0,368.4375,2.821428571428571,0.875,902.0,0.0,0.0,0.0625,0.21875,0.0,902.0,
349,,2687,31714.508565242,1764211951.6638074,158,,,,,,,,,,,,,,,,,,,,,,,,,,,,,,,,,,,,,,"{'artifact_path': 'wandb-client-artifact://cp4x01jfeyjru5mxleviuty68f63sma3fegfdf7wm8r94wswyivdiy654sp7bqd6pdpjowv16dyju4f2fx20labjp8w7z0wzwf6kbczmgame3x5p073kbevfnua2j3co/code_results.table.json', 'log_mode': 'IMMUTABLE', 'path': 'media/table/code_results_2687_99eff9e849678cba36b1.table.json', 'size': 2045358, 'nrows': 800, 'sha256': '99eff9e849678cba36b1d822f5f35c22ca03351ac4cb4917bb4c33101c63cf58', 'ncols': 13, '_latest_artifact_path': 'wandb-client-artifact://6b42rr3msuuo6pqm76or5uzobs6hvbyr2hlr38y6sjcvy3tgav7xhdpvm80gyjoqyh4puq5gfx7z5h632af3g0u1rv2n4vyohynzkcvjeqf1fsegvhu18ez7v07d35ym:latest/code_results.table.json', '_type': 'table-file'}"
350,,2689,31762.191780466,1764211999.3471966,158,,,0.0012171026319265366,,,,,,,,,,,,,,,,,,,,,,,,,,,,,,,,,,,
351,,2692,31892.9532829,1764212130.1086607,158,,,,,,,0.0006812401115894318,,,,,,,,,,,,,,,,,,,,,,,,,,,,,,,
352,,2732,32470.460129072,1764212707.6149678,161,,,,,,159.7164993006736,,,,,,,,,,,,,,,,,,,,,,,,,,,,,,,,
353,,2736,32470.467259948,1764212707.6226368,161,,,,204.2627344802022,,,,,,,,,,,,,,,,,,,,,,,,,,,,,,,,,,
354,,2745,32513.716578032,1764212750.8719585,162,,,0.0012096632272005081,,,,,,,,,,,,,,,,,,,,,,,,,,,,,,,,,,,
355,,2752,32645.584780116,1764212882.7401652,162,,0.5526179019361734,,,,,,,,,,,,,,,,,,,,,,,,,,,,,,,,,,,,
356,,2757,32649.321899515,1764212886.4771273,163,,,,,,,,,,,,,,,,,,,,,,,,,,,,,,,,,,,,,,"{'log_mode': 'IMMUTABLE', 'path': 'media/table/code_results_2757_99eff9e849678cba36b1.table.json', 'ncols': 13, '_latest_artifact_path': 'wandb-client-artifact://pkhvcfjk3renw2tf5eczu90jxzask6l6btdo3hicll3zf015vohmv9p0nrfxscqwontyvcogtn60hw4cx2exb8agon5wm01j4hv1pv6vwvo5tu8o2sm80x0wfqbbakse:latest/code_results.table.json', '_type': 'table-file', 'nrows': 800, 'size': 2045358, 'artifact_path': 'wandb-client-artifact://wi72ol1ydcaza0qfyi2k1iet74fy96212tvg90kjyhu8qual05xp9qb06fxtr5cab5yto0d1rojt7pa58mu9fmvfghocygjmqkz5g6fku67etl2imqyei2hg19rs76sv/code_results.table.json', 'sha256': '99eff9e849678cba36b1d822f5f35c22ca03351ac4cb4917bb4c33101c63cf58'}"
357,,2760,32825.485620023,1764213062.640492,163,,,,,,137.7277890369296,,,,,,,,,,,,,,,,,,,,,,,,,,,,,,,,
358,36.33706112019718,2772,32866.172167364,1764213103.3271296,164,,,,,,,,,,,,,,,,,,,,,,,,,,,,,,,,,,,,,,
359,,2782,33030.323348172,1764213267.4785612,164,0.211793664842844,,,,,,,,,,,,,,,,,,,,,,,,,,,,,,,,,,,,,
360,,2783,33030.601053243,1764213267.755991,164,,0.48933773674070835,,,,,,,,,,,,,,,,,,,,,,,,,,,,,,,,,,,,
361,,2793,33175.279306144,1764213412.4345021,165,0.22037911228835583,,,,,,,,,,,,,,,,,,,,,,,,,,,,,,,,,,,,,
362,,2802,33365.960428752,1764213603.1154366,166,,,,,,151.82581199333072,,,,,,,,,,,,,,,,,,,,,,,,,,,,,,,,
363,,2816,33571.496227065,1764213808.6511502,167,,,,,,162.4544786028564,,,,,,,,,,,,,,,,,,,,,,,,,,,,,,,,
364,,2824,33573.269677422,1764213810.4249244,167,0.22728729620575905,,,,,,,,,,,,,,,,,,,,,,,,,,,,,,,,,,,,,
365,,2843,33837.797030241,1764214074.952367,169,,,0.0011540092527866364,,,,,,,,,,,,,,,,,,,,,,,,,,,,,,,,,,,
366,43.60023437440395,2856,34014.140756376,1764214251.2958987,170,,,,,,,,,,,,,,,,,,,,,,,,,,,,,,,,,,,,,,
367,,2857,34014.156177429,1764214251.3114493,170,,,0.001200161874294281,,,,,,,,,,,,,,,,,,,,,,,,,,,,,,,,,,,
368,,2872,34272.470274879,1764214509.6252003,171,,,,,,77.04233832657337,,,,,,,,,,,,,,,,,,,,,,,,,,,,,,,,
369,,2882,34277.392405522,1764214514.5476189,172,,,,,,,,,0.35891708731651306,0.0,396.51611328125,0.0,0.4396548271179199,1.21875,3195348.0,0.4399413466453552,0.25,0.28125,0.7288689613342285,245.0,0.0274,0.96875,0.21252557635307312,245.0,0.0,5e-06,0.0,416.125,3.0714285714285716,0.5,752.0,0.03125,0.0,0.25966876745224,0.265625,0.1767766922712326,1024.0,
370,,2890,34430.919118249,1764214668.0743687,172,,,,152.261510996148,,,,,,,,,,,,,,,,,,,,,,,,,,,,,,,,,,
371,,2907,34607.72757909,1764214844.8828547,173,,,,3.7476420402526855e-06,,,,,,,,,,,,,,,,,,,,,,,,,,,,,,,,,,
372,,2911,34610.566607446,1764214847.7218156,174,,,,,,,,,,,,,,,,,,,,,,,,,,,,,,,,,,,,,,"{'sha256': '99eff9e849678cba36b1d822f5f35c22ca03351ac4cb4917bb4c33101c63cf58', 'size': 2045358, '_latest_artifact_path': 'wandb-client-artifact://ndhkpvgy5kda21254knaxyn8osqslkzo9vyxtmycc2uvtq0nf5hb5u0swpwto49rl19zr2d7bs434c1qozy5poytcy2gjtad0rxl5fnvnj7u8ci5ig2pqee3aqveuwjz:latest/code_results.table.json', '_type': 'table-file', 'nrows': 800, 'path': 'media/table/code_results_2911_99eff9e849678cba36b1.table.json', 'log_mode': 'IMMUTABLE', 'artifact_path': 'wandb-client-artifact://9ujjwt0e0ya9m0nwf9z5zf91habaaw5dwx4n3o6b8e7mt6sk7kxr6ja3aworx014vah86bwji1gwvxho6n1eiwcp7l71j0uz5wasrwcmf488oajhl5y51i84cnxosq6p/code_results.table.json', 'ncols': 13}"
373,,2935,34867.933206769,1764215105.0884874,175,,,,5.8002769947052e-06,,,,,,,,,,,,,,,,,,,,,,,,,,,,,,,,,,
374,,2949,35000.197512413,1764215237.3529582,176,,,,3.2801181077957153e-06,,,,,,,,,,,,,,,,,,,,,,,,,,,,,,,,,,
375,,2960,35175.822862933,1764215412.9782445,177,,,,173.18948089331388,,,,,,,,,,,,,,,,,,,,,,,,,,,,,,,,,,
376,,2975,35312.467777627,1764215549.6229413,178,0.37440600618720055,,,,,,,,,,,,,,,,,,,,,,,,,,,,,,,,,,,,,
377,,2981,35318.098149278,1764215555.2534745,179,,,,,,,,,,,,,,,,,,,,,,,,,,,,,,,,,,,,,,"{'path': 'media/table/code_results_2981_99eff9e849678cba36b1.table.json', '_type': 'table-file', 'log_mode': 'IMMUTABLE', 'nrows': 800, '_latest_artifact_path': 'wandb-client-artifact://2nxvb2ww3a989jc1grsp2r358uq2rov26nnifh69grtbdk6psg9o3wln55qij8l84z8tfzxlj2h0txy9fxbup7jlsxmz4utwlxcanp6edbak5eebpcrzwaiggr5cixkc:latest/code_results.table.json', 'size': 2045358, 'artifact_path': 'wandb-client-artifact://lohm80rqa4ynv0bmpuo98rd2ct3ikz6e43hvb21vheemvs0n7w44c75ax1zd66v7rphhb0ae8trem79j487xpsn8ou851dprta3xwhkiedom7u562hjyaqp2xgrxg9yj/code_results.table.json', 'sha256': '99eff9e849678cba36b1d822f5f35c22ca03351ac4cb4917bb4c33101c63cf58', 'ncols': 13}"
378,,2989,35526.070146785,1764215763.2254727,179,0.2365048434585333,,,,,,,,,,,,,,,,,,,,,,,,,,,,,,,,,,,,,
379,,2997,35577.690181382,1764215814.8455186,180,,,0.0011608414351940155,,,,,,,,,,,,,,,,,,,,,,,,,,,,,,,,,,,
380,,3011,35740.744788268,1764215977.9001348,181,,,0.0012087728828191757,,,,,,,,,,,,,,,,,,,,,,,,,,,,,,,,,,,
381,,3040,36211.771497191,1764216448.926446,183,,,,,,170.23460453748703,,,,,,,,,,,,,,,,,,,,,,,,,,,,,,,,
382,,3051,36215.384787902,1764216452.5400996,184,,,,,,,,,,,,,,,,,,,,,,,,,,,,,,,,,,,,,,"{'nrows': 800, 'ncols': 13, 'sha256': '99eff9e849678cba36b1d822f5f35c22ca03351ac4cb4917bb4c33101c63cf58', 'log_mode': 'IMMUTABLE', 'size': 2045358, '_type': 'table-file', 'path': 'media/table/code_results_3051_99eff9e849678cba36b1.table.json', '_latest_artifact_path': 'wandb-client-artifact://e0xund7e5sqt846oh5pduoo958hd5yd5rcqzjasx5419slenwslrz9ndqe7yiygpg5jgf4y3b7hnfu9lzlszpib3xuoveny0ah8wwykibaj264yd8nkuv8pu8xna275z:latest/code_results.table.json', 'artifact_path': 'wandb-client-artifact://2fe3if53tx05s25m1nv8gqj6tfccaeuirfhgjd8cs8ky6qcu94eoh0w53db46k1iwlv705j0zcjhb0mza3r6274agjcpsuffaej3uhfszxi50tj9adkb9hi55f9ubh1v/code_results.table.json'}"
383,,3053,36241.487792996,1764216478.643146,184,,,0.0011222604662179947,,,,,,,,,,,,,,,,,,,,,,,,,,,,,,,,,,,
384,49.6428146045655,3066,36469.417775918,1764216706.5728056,185,,,,,,,,,,,,,,,,,,,,,,,,,,,,,,,,,,,,,,
385,,3070,36610.255299279,1764216847.4106462,185,,,,,,,0.000993441790342331,,,,,,,,,,,,,,,,,,,,,,,,,,,,,,,
386,,3083,36734.853724469,1764216972.0090363,186,,,,,,,,0.0014854706823825836,,,,,,,,,,,,,,,,,,,,,,,,,,,,,,
387,,3098,36925.722405991,1764217162.8778489,187,,,,,,,0.0006997101008892059,,,,,,,,,,,,,,,,,,,,,,,,,,,,,,,
388,,3103,36927.10903464,1764217164.2643313,187,,,,4.680827260017395e-06,,,,,,,,,,,,,,,,,,,,,,,,,,,,,,,,,,
389,,3112,37088.626498286,1764217325.7820084,188,,,,,,,0.00034680962562561035,,,,,,,,,,,,,,,,,,,,,,,,,,,,,,,
390,,3125,37242.235863105,1764217479.3912702,189,,,,,,,,0.0010983925312757492,,,,,,,,,,,,,,,,,,,,,,,,,,,,,,
391,,3127,37242.237911247,1764217479.3933253,189,,,,,116.75437015108764,,,,,,,,,,,,,,,,,,,,,,,,,,,,,,,,,
392,,3129,37242.469965999,1764217479.6251662,189,0.22261968441307545,,,,,,,,,,,,,,,,,,,,,,,,,,,,,,,,,,,,,
393,,3141,37475.304771209,1764217712.4600518,190,,,,,190.65320832282305,,,,,,,,,,,,,,,,,,,,,,,,,,,,,,,,,
394,,3143,37475.559102911,1764217712.7143993,190,0.24449017085134983,,,,,,,,,,,,,,,,,,,,,,,,,,,,,,,,,,,,,
395,,3146,37477.007547084,1764217714.1627374,190,0.21136177517473698,,,,,,,,,,,,,,,,,,,,,,,,,,,,,,,,,,,,,
396,,3161,37720.747707884,1764217957.903084,191,,0.4477554690092802,,,,,,,,,,,,,,,,,,,,,,,,,,,,,,,,,,,,
397,,3170,37870.969870329,1764218108.125276,192,,,,148.09721175208688,,,,,,,,,,,,,,,,,,,,,,,,,,,,,,,,,,
398,,3183,38024.397705361,1764218261.5532148,193,,,,,107.73489805497229,,,,,,,,,,,,,,,,,,,,,,,,,,,,,,,,,
399,,3188,38026.272764436,1764218263.428219,193,0.2396614607423544,,,,,,,,,,,,,,,,,,,,,,,,,,,,,,,,,,,,,
400,,3208,38445.816586331,1764218682.9717715,195,,,,,,197.38881806842983,,,,,,,,,,,,,,,,,,,,,,,,,,,,,,,,
401,,3217,38447.663279071,1764218684.8187282,195,,0.4635767247527838,,,,,,,,,,,,,,,,,,,,,,,,,,,,,,,,,,,,
402,,3224,38575.210126512,1764218812.3654175,196,,,,,,,0.0007181912660598755,,,,,,,,,,,,,,,,,,,,,,,,,,,,,,,
403,,3247,38833.553269687,1764219070.7086942,198,,,,,,,,,,,,,,,,,,,,,,,,,,,,,,,,,,,,,,"{'_latest_artifact_path': 'wandb-client-artifact://lll3rlwbg4ql4snweqxnvhl7xc4cvglg7bbwnpeqxxbc7hyld10gpf47ebo7364ifs3qff892dktmxxuzlwt1t6imxwhhibkt4jvxlhjr05nv69zrdfargxcg5pz9wk8:latest/code_results.table.json', '_type': 'table-file', 'artifact_path': 'wandb-client-artifact://6zr3lmgylktqnxvrxl7dm1iptvx63rv3yswd7eij86g30bqqux7jooi3l9s2k4e6j2v5e1gyd1niiasqb4s6ealcwsdh8die3xjj17qnmcn4jwr753sieq7lzon2krs8/code_results.table.json', 'path': 'media/table/code_results_3247_99eff9e849678cba36b1.table.json', 'log_mode': 'IMMUTABLE', 'ncols': 13, 'nrows': 800, 'sha256': '99eff9e849678cba36b1d822f5f35c22ca03351ac4cb4917bb4c33101c63cf58', 'size': 2045358}"
404,,3250,39023.921832454,1764219261.076807,198,,,,,,148.652273286134,,,,,,,,,,,,,,,,,,,,,,,,,,,,,,,,
405,,3252,39023.924213705,1764219261.0796356,198,,,,,,,0.0005332399159669876,,,,,,,,,,,,,,,,,,,,,,,,,,,,,,,
406,,3255,39024.209196194,1764219261.3644342,198,0.27653663977980614,,,,,,,,,,,,,,,,,,,,,,,,,,,,,,,,,,,,,
407,,3259,39026.151113977,1764219263.306521,198,,0.560695206746459,,,,,,,,,,,,,,,,,,,,,,,,,,,,,,,,,,,,
408,,3272,39174.105765146,1764219411.2610636,199,0.2109746504575014,,,,,,,,,,,,,,,,,,,,,,,,,,,,,,,,,,,,,
409,,3275,39176.547735905,1764219413.703037,200,,,,,,,,,,,,,,,,,,,,,,,,,,,,,,,,,,,,,,"{'artifact_path': 'wandb-client-artifact://j39yburg5ae3dwe28tktsez73b8g644lgipyowc23j2v4eydl9hnm5ptt0v7hl0bmy9vop1em5bn4s0pp56c7bm3o5ymlnwbt6k1k2p7gflq7q3xtu1f6lr36870yoy9/code_results.table.json', 'path': 'media/table/code_results_3275_99eff9e849678cba36b1.table.json', '_latest_artifact_path': 'wandb-client-artifact://hw5o7trci2yjle13vvg8xotstzrawpl2cxhzzvvw0odlvo8vt283wrqqm46mk0au7lrbbpqqkvr23cbeqtxffl80sklh7r6ll2ckv1bdzenqcbx7qh14qnbdlv0b2uul:latest/code_results.table.json', '_type': 'table-file', 'ncols': 13, 'sha256': '99eff9e849678cba36b1d822f5f35c22ca03351ac4cb4917bb4c33101c63cf58', 'size': 2045358, 'log_mode': 'IMMUTABLE', 'nrows': 800}"
410,48.92613446712494,3276,39225.514481568,1764219462.669268,200,,,,,,,,,,,,,,,,,,,,,,,,,,,,,,,,,,,,,,
411,,3280,39239.65551254,1764219476.810998,200,,,,,,,0.00043726153671741486,,,,,,,,,,,,,,,,,,,,,,,,,,,,,,,
412,,3296,39468.487396089,1764219705.6424422,200,,,,,,92.58176391944289,,,,,,,,,,,,,,,,,,,,,,,,,,,,,,,,
413,,3299,39468.489217721,1764219705.6447506,200,,,,,92.58545665070415,,,,,,,,,,,,,,,,,,,,,,,,,,,,,,,,,
414,,3309,39562.109744226,1764219799.265126,200,,,,93.19150471314788,,,,,,,,,,,,,,,,,,,,,,,,,,,,,,,,,,
415,,3313,39589.846251004,1764219827.0016363,200,,,0.0006545614451169968,,,,,,,,,,,,,,,,,,,,,,,,,,,,,,,,,,,
416,,3326,39726.444322618,1764219963.5999029,200,,,,,27.49166327342391,,,,,,,,,,,,,,,,,,,,,,,,,,,,,,,,,
417,,3337,39784.299462372,1764220021.4546344,200,0.24085808917880058,,,,,,,,,,,,,,,,,,,,,,,,,,,,,,,,,,,,,
418,,3338,39784.558759569,1764220021.713712,200,,0.5002535954117775,,,,,,,,,,,,,,,,,,,,,,,,,,,,,,,,,,,,
419,,3351,39944.799891751,1764220181.9552515,200,,,,,,,,0.0008018091320991516,,,,,,,,,,,,,,,,,,,,,,,,,,,,,,
420,31.493287155404687,3357,39976.81406853,1764220213.9688919,200,,,,,,,,,,,,,,,,,,,,,,,,,,,,,,,,,,,,,,
421,,3360,40004.0936705,1764220241.2490606,200,,,,,,,,0.0008092224597930908,,,,,,,,,,,,,,,,,,,,,,,,,,,,,,
422,,3364,40004.328939095,1764220241.484106,200,0.22511756606400013,,,,,,,,,,,,,,,,,,,,,,,,,,,,,,,,,,,,,
423,,3374,40066.35913769,1764220303.5146286,200,,0.4961050432175398,,,,,,,,,,,,,,,,,,,,,,,,,,,,,,,,,,,,
424,,3377,40123.412815396,1764220360.5680227,200,,,,,,31.23914184421301,,,,,,,,,,,,,,,,,,,,,,,,,,,,,,,,
425,,3388,40186.505886917,1764220423.6612573,200,,,,,,,0.000354960560798645,,,,,,,,,,,,,,,,,,,,,,,,,,,,,,,
426,,3398,40315.431647431,1764220552.586987,200,,,,,,,,0.0011187419295310974,,,,,,,,,,,,,,,,,,,,,,,,,,,,,,
427,,3401,40315.44234897,1764220552.5976706,200,,,,123.30124351009727,,,,,,,,,,,,,,,,,,,,,,,,,,,,,,,,,,
428,,3406,40318.57270499,1764220555.728083,200,,0.7972775176167488,,,,,,,,,,,,,,,,,,,,,,,,,,,,,,,,,,,,
429,,3407,40320.085056789,1764220557.2403562,201,,,,,,,,,0.3496946096420288,0.0,323.3548278808594,0.0,0.4655468463897705,1.25,3607416.0,0.45680341124534607,0.28125,0.15625,0.6278162002563477,167.0,0.0445,0.96875,0.23580825328826904,167.0,0.0,5e-06,0.0,345.25,3.5892857142857144,0.75,729.0,0.03125,0.0,0.125,0.40625,0.1767766922712326,1024.0,
430,,3419,40447.894594929,1764220685.0498457,201,0.24354133196175098,,,,,,,,,,,,,,,,,,,,,,,,,,,,,,,,,,,,,
431,,3426,40592.757706561,1764220829.9130766,202,,,,,,,,0.0009237825870513916,,,,,,,,,,,,,,,,,,,,,,,,,,,,,,
432,,3428,40592.759421432,1764220829.914684,202,,,,,109.2963259741664,,,,,,,,,,,,,,,,,,,,,,,,,,,,,,,,,
433,,3435,40595.53138176,1764220832.6865356,203,,,,,,,,,0.37132449448108673,0.0,351.9375,0.0,0.4062887728214264,1.53125,3636282.0,0.507007360458374,0.53125,0.84375,2.1866068840026855,238.0,-0.0038,1.0,0.15780556201934814,238.0,0.0,5e-06,0.0,351.9375,3.625,0.75,535.0,0.0,0.0,0.13466878235340118,0.359375,0.0,535.0,
434,,3439,40740.886004171,1764220978.040847,203,,,,,,108.13035338744521,,,,,,,,,,,,,,,,,,,,,,,,,,,,,,,,
435,,3450,40745.039822753,1764220982.1950989,204,,,,,,,,,,,,,,,,,,,,,,,,,,,,,,,,,,,,,,"{'artifact_path': 'wandb-client-artifact://odwz9z8fmq3hniwhtfr7db4zmyyrdhqmygz7kwa2vij6ku8yket7xgpa3qmjt3zoata576awxs0wk74rw5ktdcjp2f3siujydx7st14rrw2k9xdpelxdxcbmenph3oev/code_results.table.json', '_latest_artifact_path': 'wandb-client-artifact://60w4et2a1xm3v2f6gf9thu9jjpbjipfx0xu8cmqr8illtxz9wvcqnu7nkecwpzqvgpyqkuecxmh0oskizcgps44dpsppdje9krftf5pctsx5auhmg3w4hxi9bujkn875:latest/code_results.table.json', '_type': 'table-file', 'nrows': 1000, 'path': 'media/table/code_results_3450_a5b12a9d037cbf2ea95a.table.json', 'log_mode': 'IMMUTABLE', 'sha256': 'a5b12a9d037cbf2ea95a208d63db2baf9e0db9d258674ab5914d34de5b37e7ec', 'size': 2476621, 'ncols': 13}"
436,43.25054742768407,3451,40788.335985601,1764221025.4909203,204,,,,,,,,,,,,,,,,,,,,,,,,,,,,,,,,,,,,,,
437,,3456,40921.909713117,1764221159.0650911,204,,,,,133.55830669403076,,,,,,,,,,,,,,,,,,,,,,,,,,,,,,,,,
438,,3459,40922.510276191,1764221159.665754,204,,0.5915548950433731,,,,,,,,,,,,,,,,,,,,,,,,,,,,,,,,,,,,
439,,3462,40924.149684811,1764221161.3051486,204,,0.5670273825526237,,,,,,,,,,,,,,,,,,,,,,,,,,,,,,,,,,,,
440,,3476,41122.913782858,1764221360.0692544,205,,0.5617334190756083,,,,,,,,,,,,,,,,,,,,,,,,,,,,,,,,,,,,
441,35.69120231643319,3479,41161.013014114,1764221398.1679676,206,,,,,,,,,,,,,,,,,,,,,,,,,,,,,,,,,,,,,,
442,,3498,41350.806595659,1764221587.962089,207,,,,,57.634692860767245,,,,,,,,,,,,,,,,,,,,,,,,,,,,,,,,,
443,,3503,41352.455859927,1764221589.6110082,207,0.2124577946960926,,,,,,,,,,,,,,,,,,,,,,,,,,,,,,,,,,,,,
444,,3513,41467.502871547,1764221704.65821,208,,,,112.57088313251734,,,,,,,,,,,,,,,,,,,,,,,,,,,,,,,,,,
445,,3525,41617.891039508,1764221855.0465724,209,,,,,,,0.0003334805369377136,,,,,,,,,,,,,,,,,,,,,,,,,,,,,,,
446,,3537,41786.207265733,1764222023.3622203,210,,,,,,137.99088307842612,,,,,,,,,,,,,,,,,,,,,,,,,,,,,,,,
447,,3554,41928.428147381,1764222165.5832686,211,,,,,103.71442346647382,,,,,,,,,,,,,,,,,,,,,,,,,,,,,,,,,
448,,3555,41928.437276859,1764222165.5926633,211,,,,138.8905274812132,,,,,,,,,,,,,,,,,,,,,,,,,,,,,,,,,,
449,,3576,42079.719276328,1764222316.8746076,213,,,,,,,,,,,,,,,,,,,,,,,,,,,,,,,,,,,,,,"{'artifact_path': 'wandb-client-artifact://85bxw2wc7wwrbaj16672qny8szk8cvful9tzrwl4pbm1etowizb0svu3w4423se6zbeb4mdqpxndjjhdh2f4bk42tr4webyt2a3d44y9j41wjx3wg3ofxc46wy07ehmb/code_results.table.json', 'sha256': 'a5b12a9d037cbf2ea95a208d63db2baf9e0db9d258674ab5914d34de5b37e7ec', '_latest_artifact_path': 'wandb-client-artifact://zl2phkm56gm16foi4aglefaoiwmawj2heyob4f8tcyvh1i0uqbds8pav77yu8b7qa5220ipamak7fnkxknlemlf2yduy38azmdqhue0gce9q6ecyvascwf4385l1kio0:latest/code_results.table.json', 'log_mode': 'IMMUTABLE', 'path': 'media/table/code_results_3576_a5b12a9d037cbf2ea95a.table.json', 'size': 2476621, 'ncols': 13, '_type': 'table-file', 'nrows': 1000}"
450,,3578,42109.014651956,1764222346.1700642,213,,,0.0011262912303209305,,,,,,,,,,,,,,,,,,,,,,,,,,,,,,,,,,,
451,,3581,42221.192983535,1764222458.3483129,213,,,,,,,0.0007038116455078125,,,,,,,,,,,,,,,,,,,,,,,,,,,,,,,
452,,3586,42222.392350411,1764222459.547717,213,,,,3.7606805562973022e-06,,,,,,,,,,,,,,,,,,,,,,,,,,,,,,,,,,
453,,3589,42223.567014485,1764222460.72212,214,,,,,,,,,0.3738253116607666,0.0,335.875,0.0,0.420013427734375,1.25,3785613.0,0.4399413466453552,0.25,0.28125,0.8125775456428528,251.0,-0.0055,1.0,0.2557295262813568,251.0,0.0,5e-06,0.0,335.875,3.821428571428571,0.5,472.0,0.0,0.0,0.26933756470680237,0.28125,0.0,472.0,
454,36.63671996071935,3591,42261.533873815,1764222498.688775,214,,,,,,,,,,,,,,,,,,,,,,,,,,,,,,,,,,,,,,
455,43.2605144251138,3605,42478.361276945,1764222715.5163615,215,,,,,,,,,,,,,,,,,,,,,,,,,,,,,,,,,,,,,,
456,,3613,42620.078150423,1764222857.2336326,215,,0.6227763742208481,,,,,,,,,,,,,,,,,,,,,,,,,,,,,,,,,,,,
457,,3622,42737.012092349,1764222974.1675415,216,,,,,,,,0.0009238403290510178,,,,,,,,,,,,,,,,,,,,,,,,,,,,,,
458,,3640,42908.656894867,1764223145.8120263,217,0.2736921291798353,,,,,,,,,,,,,,,,,,,,,,,,,,,,,,,,,,,,,
459,,3644,42910.59872343,1764223147.7540326,217,,0.5606702994555235,,,,,,,,,,,,,,,,,,,,,,,,,,,,,,,,,,,,
460,,3656,43186.575237473,1764223423.7303433,218,,,,1.4279037714004517e-05,,,,,,,,,,,,,,,,,,,,,,,,,,,,,,,,,,
461,,3669,43310.423404898,1764223547.5786996,219,,0.4836335629224777,,,,,,,,,,,,,,,,,,,,,,,,,,,,,,,,,,,,
462,,3670,43311.29753684,1764223548.452796,219,,,,5.509704351425171e-06,,,,,,,,,,,,,,,,,,,,,,,,,,,,,,,,,,
463,,3671,43311.500675448,1764223548.6556623,219,0.2021183166652918,,,,,,,,,,,,,,,,,,,,,,,,,,,,,,,,,,,,,
464,,3679,43455.183780761,1764223692.3390589,220,,,,,,,0.0007079187780618668,,,,,,,,,,,,,,,,,,,,,,,,,,,,,,,
465,,3683,43455.684905528,1764223692.8403497,220,,0.49086532928049564,,,,,,,,,,,,,,,,,,,,,,,,,,,,,,,,,,,,
466,,3684,43456.583055431,1764223693.7381258,220,,,,6.070360541343689e-06,,,,,,,,,,,,,,,,,,,,,,,,,,,,,,,,,,
467,,3692,43677.31458688,1764223914.4699244,221,,,,,,,,0.0008641798049211502,,,,,,,,,,,,,,,,,,,,,,,,,,,,,,
468,,3711,43845.336412004,1764224082.4918966,222,,0.4871559161692858,,,,,,,,,,,,,,,,,,,,,,,,,,,,,,,,,,,,
469,,3713,43846.416931026,1764224083.5721788,222,0.20189334452152252,,,,,,,,,,,,,,,,,,,,,,,,,,,,,,,,,,,,,
470,,3715,43847.565603368,1764224084.7209163,223,,,,,,,,,0.3711707293987274,0.0,323.9375,0.0,0.4554220736026764,1.46875,3910284.0,0.507007360458374,0.46875,0.5625,1.683650016784668,226.0,-0.0285,1.0,0.2962116599082947,226.0,0.0,5e-06,0.0,323.9375,3.982142857142857,0.375,545.0,0.0,0.0,0.3125,0.296875,0.0,545.0,
471,37.26871664263308,3731,44009.268257411,1764224246.4231954,224,,,,,,,,,,,,,,,,,,,,,,,,,,,,,,,,,,,,,,
472,,3734,44067.862763658,1764224305.0181737,224,,,,,,,,0.0009219907224178314,,,,,,,,,,,,,,,,,,,,,,,,,,,,,,
473,,3739,44068.422996677,1764224305.5784755,224,,0.5514172725379467,,,,,,,,,,,,,,,,,,,,,,,,,,,,,,,,,,,,
474,,3755,44241.700078622,1764224478.8553421,225,0.23835955746471882,,,,,,,,,,,,,,,,,,,,,,,,,,,,,,,,,,,,,
475,,3775,44542.603803011,1764224779.7589338,227,,,,,,134.1785411518067,,,,,,,,,,,,,,,,,,,,,,,,,,,,,,,,
476,,3779,44542.615681302,1764224779.7711082,227,,,,169.34724701941013,,,,,,,,,,,,,,,,,,,,,,,,,,,,,,,,,,
477,,3804,44826.747390754,1764225063.9028094,229,,,,,,,,0.0011046286672353745,,,,,,,,,,,,,,,,,,,,,,,,,,,,,,
478,,3807,44826.756380711,1764225063.9118025,229,,,,182.507180089131,,,,,,,,,,,,,,,,,,,,,,,,,,,,,,,,,,
479,26.59703977406025,3843,45207.357619616,1764225444.5124981,232,,,,,,,,,,,,,,,,,,,,,,,,,,,,,,,,,,,,,,
480,,3847,45372.823747095,1764225609.9792774,232,,,,,,,0.0007435791194438934,,,,,,,,,,,,,,,,,,,,,,,,,,,,,,,
481,,3848,45372.824541745,1764225609.9800398,232,,,,,165.4535058569163,,,,,,,,,,,,,,,,,,,,,,,,,,,,,,,,,
482,,3861,45523.09171463,1764225760.2471173,233,,,,,,,0.0006681103259325027,,,,,,,,,,,,,,,,,,,,,,,,,,,,,,,
483,,3879,45690.820332282,1764225927.975517,234,,0.8514537233859301,,,,,,,,,,,,,,,,,,,,,,,,,,,,,,,,,,,,
484,,3882,45693.182160092,1764225930.3373454,234,,0.8152821119874716,,,,,,,,,,,,,,,,,,,,,,,,,,,,,,,,,,,,
485,,3883,45694.741181022,1764225931.8964047,235,,,,,,,,,0.34303198754787445,0.0,341.6451416015625,0.0,0.420013427734375,1.34375,4075859.0,0.49186936020851135,0.375,0.9375,2.2709596157073975,219.0,0.0832,0.96875,0.23408374190330505,219.0,0.0,5e-06,0.0,362.96875,4.196428571428571,0.375,770.0,0.03125,0.0,0.3617308735847473,0.28125,0.1767766922712326,1024.0,
486,,3884,45696.059085441,1764225933.2144752,235,,,,,,,,,,,,,,,,,,,,,,,,,,,,,,,,,,,,,,"{'artifact_path': 'wandb-client-artifact://e8gfjjg5johelx8k9ujy5aemjm084elu2v1lv3au4zjqcghs7ez6hqfrts9z0sndywz4lb5kx4d5zl1wnuf8dj2sigg0n2bp2k0836xaw7vuc6ngxhqocj96k4bqfp9w/code_results.table.json', 'nrows': 1000, '_type': 'table-file', 'ncols': 13, 'path': 'media/table/code_results_3884_a5b12a9d037cbf2ea95a.table.json', 'size': 2476621, 'sha256': 'a5b12a9d037cbf2ea95a208d63db2baf9e0db9d258674ab5914d34de5b37e7ec', 'log_mode': 'IMMUTABLE', '_latest_artifact_path': 'wandb-client-artifact://qp0j8otwi8oxwbpjwohykhh93yhz6pxrb63ac5uafdzabxjeza6f4tebyos2i2fefsonzmvzujyhnc4g14z360jobb4mudiojgzckg0ywhuzcyj9ox50gkxrrs7xg7th:latest/code_results.table.json'}"
487,,3887,45846.404849714,1764226083.5599313,235,,,,,,122.12915771640837,,,,,,,,,,,,,,,,,,,,,,,,,,,,,,,,
488,,3891,45846.417496015,1764226083.5728793,235,,,,150.33939036913216,,,,,,,,,,,,,,,,,,,,,,,,,,,,,,,,,,
489,,3898,45850.343823689,1764226087.4990969,236,,,,,,,,,,,,,,,,,,,,,,,,,,,,,,,,,,,,,,"{'artifact_path': 'wandb-client-artifact://gky8k5wju8c2zkunke8jugxq0a7qnndoypgoyy81ymzclcfn7ds8zzae1x4j3ldo8qb6a4dbo5xasoac4rvu9h0qk010b0oap09a4wfh4ljpaoaaabb4ga8u6x8q0c0g/code_results.table.json', 'path': 'media/table/code_results_3898_a5b12a9d037cbf2ea95a.table.json', 'size': 2476621, 'log_mode': 'IMMUTABLE', 'ncols': 13, 'sha256': 'a5b12a9d037cbf2ea95a208d63db2baf9e0db9d258674ab5914d34de5b37e7ec', '_latest_artifact_path': 'wandb-client-artifact://81mrmair4cqs4hklandrx1h1kqs7i9w73z12fko53f3zw0a88sr0w0vsriburzxotztj2d9jc1y6bnkuot16hlvvy18jjcu07zwj0pb1ddh0yzrbyuuzkbhntzmjq959:latest/code_results.table.json', '_type': 'table-file', 'nrows': 1000}"
490,,3912,46043.121829506,1764226280.2771719,237,,,,,,,,,,,,,,,,,,,,,,,,,,,,,,,,,,,,,,"{'log_mode': 'IMMUTABLE', 'size': 2476621, 'ncols': 13, 'nrows': 1000, '_latest_artifact_path': 'wandb-client-artifact://05p4rsiicr2y81o43rd54m969v04xj4m3354ki50xyh44a9lsvno6b4v62cuupg59espheclp30iuvv064l5skyfpil7isjolert4dlfhjdsn5ze4lc1ece4i7stjns2:latest/code_results.table.json', 'artifact_path': 'wandb-client-artifact://swti1yf2rx0ygxt1delrb91qqd1dh4hg9pw5jgl9wbuj84o8lspxebul0qgj7yf0duooqyryicdxu6pjneu5ly27ls2bpkb8djl1ysfnhc8wp1cdg8ajyhovc1udfqpn/code_results.table.json', '_type': 'table-file', 'path': 'media/table/code_results_3912_a5b12a9d037cbf2ea95a.table.json', 'sha256': 'a5b12a9d037cbf2ea95a208d63db2baf9e0db9d258674ab5914d34de5b37e7ec'}"
491,,3915,46167.829428191,1764226404.9847794,237,,,,,,78.25820638798177,,,,,,,,,,,,,,,,,,,,,,,,,,,,,,,,
492,,3923,46169.950427661,1764226407.105668,237,0.27170574851334095,,,,,,,,,,,,,,,,,,,,,,,,,,,,,,,,,,,,,
493,,3928,46214.151547927,1764226451.3069153,238,,,0.0011255927383899689,,,,,,,,,,,,,,,,,,,,,,,,,,,,,,,,,,,
494,,3930,46276.169651522,1764226513.3247993,238,,,,,,,,0.001836860552430153,,,,,,,,,,,,,,,,,,,,,,,,,,,,,,
495,,3933,46276.180219261,1764226513.3356602,238,,,,103.39099074341357,,,,,,,,,,,,,,,,,,,,,,,,,,,,,,,,,,
496,,3944,46473.242117664,1764226710.3973777,239,,,,,,,,0.001451311632990837,,,,,,,,,,,,,,,,,,,,,,,,,,,,,,
497,,3945,46473.243194045,1764226710.3984134,239,,,,,,,0.000544469803571701,,,,,,,,,,,,,,,,,,,,,,,,,,,,,,,
498,,3946,46473.244285456,1764226710.3996372,239,,,,,160.58721954375505,,,,,,,,,,,,,,,,,,,,,,,,,,,,,,,,,
499,,3954,46477.194285921,1764226714.349664,240,,,,,,,,,,,,,,,,,,,,,,,,,,,,,,,,,,,,,,"{'_type': 'table-file', 'ncols': 13, '_latest_artifact_path': 'wandb-client-artifact://1x1ci7r04zoz9b4lz84chwe6huem7kkfpb6bghrcn5kruust99ujsqkmuvfq9357uw8f1zszx4e8y87ql0czu2cqlatva6jd23q0vzcnefs6symkldxa8imqdq672db1:latest/code_results.table.json', 'nrows': 1000, 'path': 'media/table/code_results_3954_a5b12a9d037cbf2ea95a.table.json', 'size': 2476621, 'artifact_path': 'wandb-client-artifact://09wp82vxnabxyf8iw1inaroriyc93vzev7vadtxihthwgk941llriujgnq90sasuji6wuvgzwlrcg0sueh47boa94dr0f3tuzmue68my1kjua1jyl9s2z1vf8piccquj/code_results.table.json', 'sha256': 'a5b12a9d037cbf2ea95a208d63db2baf9e0db9d258674ab5914d34de5b37e7ec', 'log_mode': 'IMMUTABLE'}"
